--
-- Script was generated by Devart dbForge Studio 2020 for MySQL, Version 9.0.338.0
-- Product home page: http://www.devart.com/dbforge/mysql/studio
-- Script date 3/11/2023 11:12:34 PM
-- Server version: 8.0.32
-- Client version: 4.1
--

-- 
-- Disable foreign keys
-- 
/*!40014 SET @OLD_FOREIGN_KEY_CHECKS = @@FOREIGN_KEY_CHECKS, FOREIGN_KEY_CHECKS = 0 */;

-- 
-- Set SQL mode
-- 
/*!40101 SET @OLD_SQL_MODE = @@SQL_MODE, SQL_MODE = 'NO_AUTO_VALUE_ON_ZERO' */;

-- 
-- Set character set the client will use to send SQL statements to the server
--
SET NAMES 'utf8';

--
-- Set default database
--
USE
    dictionary;

--
-- Drop procedure `Proc_GetCommentProduct`
--
DROP PROCEDURE IF EXISTS Proc_GetCommentProduct;

--
-- Drop procedure `Proc_GetRateOption`
--
DROP PROCEDURE IF EXISTS Proc_GetRateOption;

--
-- Drop procedure `Proc_GetUserInfo`
--
DROP PROCEDURE IF EXISTS Proc_GetUserInfo;

--
-- Drop table `color`
--
DROP TABLE IF EXISTS color;

--
-- Drop table `size`
--
DROP TABLE IF EXISTS size;

--
-- Drop procedure `Proc_GenEntity`
--
DROP PROCEDURE IF EXISTS Proc_GenEntity;

--
-- Drop function `SnakeToPascal`
--
DROP FUNCTION IF EXISTS SnakeToPascal;

--
-- Drop procedure `Proc_GetCategory`
--
DROP PROCEDURE IF EXISTS Proc_GetCategory;

--
-- Drop table `category`
--
DROP TABLE IF EXISTS category;

--
-- Drop procedure `Proc_GetProductAttribute`
--
DROP PROCEDURE IF EXISTS Proc_GetProductAttribute;

--
-- Drop table `product_attribute`
--
DROP TABLE IF EXISTS product_attribute;

--
-- Drop table `attribute`
--
DROP TABLE IF EXISTS attribute;

--
-- Drop procedure `Proc_GetProductHome`
--
DROP PROCEDURE IF EXISTS Proc_GetProductHome;

--
-- Drop procedure `Proc_GetProductRelationOrder`
--
DROP PROCEDURE IF EXISTS Proc_GetProductRelationOrder;

--
-- Drop procedure `Proc_ConvertStringToTable`
--
DROP PROCEDURE IF EXISTS Proc_ConvertStringToTable;

--
-- Drop procedure `Proc_ProductCart`
--
DROP PROCEDURE IF EXISTS Proc_ProductCart;

--
-- Drop table `product_cart`
--
DROP TABLE IF EXISTS product_cart;

--
-- Drop procedure `Proc_GetListProductCompare`
--
DROP PROCEDURE IF EXISTS Proc_GetListProductCompare;

--
-- Drop table `product_category`
--
DROP TABLE IF EXISTS product_category;

--
-- Drop procedure `Proc_ProductInfo`
--
DROP PROCEDURE IF EXISTS Proc_ProductInfo;

--
-- Drop table `product_detail`
--
DROP TABLE IF EXISTS product_detail;

--
-- Drop table `product_relation`
--
DROP TABLE IF EXISTS product_relation;

--
-- Drop table `product`
--
DROP TABLE IF EXISTS product;

--
-- Drop procedure `Proc_SetDefaultAddress`
--
DROP PROCEDURE IF EXISTS Proc_SetDefaultAddress;

--
-- Drop table `address`
--
DROP TABLE IF EXISTS address;

--
-- Drop table `comment`
--
DROP TABLE IF EXISTS comment;

--
-- Drop procedure `Proc_GetOrderDashboard`
--
DROP PROCEDURE IF EXISTS Proc_GetOrderDashboard;

--
-- Drop procedure `Proc_GetProductRelation`
--
DROP PROCEDURE IF EXISTS Proc_GetProductRelation;

--
-- Drop table `product_order`
--
DROP TABLE IF EXISTS product_order;

--
-- Drop procedure `Proc_GetOrderCount`
--
DROP PROCEDURE IF EXISTS Proc_GetOrderCount;

--
-- Drop table `order`
--
DROP TABLE IF EXISTS `order`;

--
-- Drop table `user`
--
DROP TABLE IF EXISTS user;

--
-- Set default database
--
USE
    dictionary;

--
-- Create table `user`
--
CREATE TABLE user
(
    user_id       char(36)     NOT NULL,
    first_name    varchar(100) NOT NULL COMMENT 'Họ người dùng',
    last_name     varchar(100) NOT NULL COMMENT 'Tên người dùng',
    email         varchar(50)  NOT NULL COMMENT 'Địa chỉ email của người dùng',
    password      varchar(255) NOT NULL COMMENT 'Mật khẩu đăng nhập',
    phone         varchar(20)  NOT NULL COMMENT 'Số điện thoại người dùng',
    avatar        text     DEFAULT NULL COMMENT 'Đường dẫn ảnh đại diện',
    role          int          NOT NULL COMMENT 'Quyển người dùng (Người mua hàng, Quản trị hệ thống)',
    is_block      tinyint      NOT NULL COMMENT 'Có bị chặn hoạt động hay không',
    cart_id       char(36)     NOT NULL COMMENT 'Định danh giỏ hàng',
    gender        int      DEFAULT NULL,
    date_of_birth datetime DEFAULT NULL,
    PRIMARY KEY (user_id)
) ENGINE = INNODB,
  AVG_ROW_LENGTH = 3276,
  CHARACTER SET utf8mb4,
  COLLATE utf8mb4_general_ci,
    COMMENT = 'Bảng thông tin người dùng';

--
-- Create table `order`
--
CREATE TABLE `order`
(
    order_id             char(36)       NOT NULL COMMENT 'Định danh thông tin đơn hàng',
    user_id              char(36)       NOT NULL COMMENT 'Định danh của người dùng',
    total_amount         decimal(10, 0) NOT NULL COMMENT 'Tổng số tiền của đơn hàng',
    status               int            NOT NULL COMMENT 'Trạng thái của đươn hàng (5: chờ xác nhận, 2: chờ lấy hàng, 3: đang giao, 1: giao thành công, 4: đã hủy đơn, 6: Giao thất bại/trả hàng)',
    user_name            varchar(255)   NOT NULL COMMENT 'Tên người nhận hàng',
    created_date         datetime       NOT NULL COMMENT 'Ngày tạo đơn hàng',
    confirm_date         datetime       DEFAULT NULL COMMENT 'Ngày Xác nhận đơn hàng',
    statrt_delivery_date datetime       DEFAULT NULL COMMENT 'Ngày bắt đầu giao hàng',
    cancel_date          datetime       DEFAULT NULL COMMENT 'Ngày hủy đơn hàng',
    delivery_date        datetime       DEFAULT NULL COMMENT 'Ngày giao hàng',
    success_date         datetime       DEFAULT NULL COMMENT 'Ngày giao hàng thành công',
    delivery_failed_date datetime       DEFAULT NULL COMMENT 'Ngày giao hàng thất bại',
    refund_date          datetime       DEFAULT NULL COMMENT 'Ngày hoàn hàng trở lại cửa hàng',
    phone                varchar(20)    NOT NULL COMMENT 'Số điện thoại nhận hàng',
    address              varchar(255)   NOT NULL COMMENT 'Địa chỉ nhận hàng',
    voucher_amount       decimal(10, 0) DEFAULT NULL COMMENT 'Giá tiền được  giảm sau khi áp dụng mã giảm giá',
    product_amount       decimal(10, 0) NOT NULL COMMENT 'Tổng số tiền của sản phẩm',
    order_code           varchar(100)   DEFAULT NULL COMMENT 'Mã đơn hàng',
    is_comment           tinyint        DEFAULT NULL COMMENT 'Đơn hàng đã được đánh gái chưa',
    PRIMARY KEY (order_id)
) ENGINE = INNODB,
  AVG_ROW_LENGTH = 16384,
  CHARACTER SET utf8mb4,
  COLLATE utf8mb4_general_ci,
    COMMENT = 'Bảng thông tin đơn hàng';

--
-- Create foreign key
--
ALTER TABLE `order`
    ADD CONSTRAINT FK_order_user_id FOREIGN KEY (user_id)
        REFERENCES user (user_id) ON DELETE CASCADE;

DELIMITER
$$

--
-- Create procedure `Proc_GetOrderCount`
--
CREATE PROCEDURE Proc_GetOrderCount(IN $user_id char(36))
    SQL SECURITY INVOKER
    COMMENT 'Lấy số lượng đơn hàng theo trạng thái'
BEGIN
    DECLARE
        $All int;
    DECLARE
        Acceipt int;
    DECLARE
        Pending int;
    DECLARE
        Delivering int;
    DECLARE
        Delivered int;
    DECLARE
        Cancelled int;
    DECLARE
        Undelivered int;

    SELECT COUNT(*)
    INTO $All
    FROM `order` o
    WHERE o.user_id = $user_id;
    SELECT COUNT(*)
    INTO Acceipt
    FROM `order` o
    WHERE o.user_id = $user_id
      AND o.status = 5;
    SELECT COUNT(*)
    INTO Pending
    FROM `order` o
    WHERE o.user_id = $user_id
      AND o.status = 2;
    SELECT COUNT(*)
    INTO Delivering
    FROM `order` o
    WHERE o.user_id = $user_id
      AND o.status = 3;
    SELECT COUNT(*)
    INTO Delivered
    FROM `order` o
    WHERE o.user_id = $user_id
      AND o.status = 1;
    SELECT COUNT(*)
    INTO Cancelled
    FROM `order` o
    WHERE o.user_id = $user_id
      AND o.status = 4;
    SELECT COUNT(*)
    INTO Undelivered
    FROM `order` o
    WHERE o.user_id = $user_id
      AND o.status = 7;

    DROP
        TEMPORARY TABLE IF EXISTS result;
    CREATE
        TEMPORARY TABLE result
    (
        `All`       int,
        Acceipt     int,
        Pending     int,
        Delivering  int,
        Delivered   int,
        Cancelled   int,
        Undelivered int
    );

    INSERT INTO result (`All`, Acceipt, Pending, Delivering, Delivered, Cancelled, Undelivered)
    VALUES ($All, Acceipt, Pending, Delivering, Delivered, Cancelled, Undelivered);

    SELECT *
    FROM result;

END
$$

DELIMITER ;

--
-- Create table `product_order`
--
CREATE TABLE product_order
(
    product_order_id   char(36) NOT NULL,
    order_id           char(36) NOT NULL COMMENT 'Định danh đơn hàng',
    product_id         char(36) NOT NULL COMMENT 'Định danh loại sản phẩm',
    product_detail_id  char(36) NOT NULL COMMENT 'Đinh danh sản phẩm',
    product_amount     decimal(10, 0)    DEFAULT NULL,
    product_name       varchar(255)      DEFAULT NULL,
    color_name         varchar(100)      DEFAULT NULL,
    size_name          varchar(100)      DEFAULT NULL,
    url_img            varchar(255)      DEFAULT NULL,
    quantity           int      NOT NULL DEFAULT 1 COMMENT 'Số lượng sp',
    product_amount_old decimal(10, 0)    DEFAULT NULL COMMENT 'Giá cũ',
    purchase_amount    decimal(10, 0)    DEFAULT NULL COMMENT 'Giá vốn nhập hàng',
    PRIMARY KEY (product_order_id)
) ENGINE = INNODB,
  AVG_ROW_LENGTH = 8192,
  CHARACTER SET utf8mb4,
  COLLATE utf8mb4_general_ci,
    COMMENT = 'Định danh thông tin giao tiếp sản phẩm và đơn hàng';

--
-- Create foreign key
--
ALTER TABLE product_order
    ADD CONSTRAINT FK_product_order_order_id FOREIGN KEY (order_id)
        REFERENCES `order` (order_id) ON DELETE CASCADE;

DELIMITER
$$

--
-- Create procedure `Proc_GetProductRelation`
--
CREATE PROCEDURE Proc_GetProductRelation(IN $ProductId char(36), IN $Number int)
    SQL SECURITY INVOKER
    COMMENT 'Lấy các sản phẩm có liên quan'
BEGIN
    -- Lấy danh sách đơn hàng có sản phẩm đầu vào
    DROP
        TEMPORARY TABLE IF EXISTS tmpListProductOrder;
    CREATE
        TEMPORARY TABLE tmpListProductOrder
    SELECT DISTINCT po.order_id,
                    po.product_id
    FROM product_order po
    WHERE po.product_id = $ProductId;

    SELECT po.product_id,
           COUNT(po.product_id) AS count_relation
    FROM product_order po
             INNER JOIN tmpListProductOrder tlpo
                        ON po.order_id = tlpo.order_id
                            AND po.product_id <> tlpo.product_id
    GROUP BY po.product_id
    ORDER BY count_relation DESC
    LIMIT $Number;
END
$$

--
-- Create procedure `Proc_GetOrderDashboard`
--
CREATE
    DEFINER = 'root'@'%'
    PROCEDURE Proc_GetOrderDashboard()
    COMMENT 'Lấy danh sách đơn hàng'
BEGIN
    SELECT o.order_id,
           o.order_code,
           CONCAT(u.first_name, '', u.last_name) AS buy_name,
           o.user_name
    FROM `order` o
             LEFT JOIN product_order po
                       ON o.order_id = po.order_id
             LEFT JOIN user u
                       ON o.user_id = u.user_id;
END
$$

DELIMITER ;

--
-- Create table `comment`
--
CREATE TABLE comment
(
    comment_id   char(36) NOT NULL COMMENT 'Định danh của đánh giá, bình luận',
    user_id      char(36) NOT NULL COMMENT 'Định danh của người đánh giá',
    product_id   char(36) NOT NULL COMMENT 'Định danh sản phẩm',
    rate         int      NOT NULL COMMENT 'Số sao đánh giá cho sản phẩm',
    content      varchar(255) DEFAULT NULL COMMENT 'Nội dung bình luận',
    created_date datetime NOT NULL COMMENT 'Ngày tạo đánh giá, bình luận',
    img_url      varchar(255) DEFAULT NULL COMMENT 'Ảnh bình luận, đánh giá',
    color_name   varchar(100) DEFAULT NULL,
    size_name    varchar(100) DEFAULT NULL,
    PRIMARY KEY (comment_id)
) ENGINE = INNODB,
  AVG_ROW_LENGTH = 4096,
  CHARACTER SET utf8mb4,
  COLLATE utf8mb4_general_ci,
    COMMENT = 'Bảng đánh giá, bình luận';

--
-- Create foreign key
--
ALTER TABLE comment
    ADD CONSTRAINT FK_comment_user_id FOREIGN KEY (user_id)
        REFERENCES user (user_id) ON DELETE CASCADE;

--
-- Create table `address`
--
CREATE TABLE address
(
    address_id     char(36)     NOT NULL COMMENT 'Định danh địa chỉ',
    user_id        char(36)     NOT NULL COMMENT 'Định danh của người dùng',
    province       varchar(255) NOT NULL COMMENT 'Tỉnh/ thành phố',
    province_code  int                   DEFAULT NULL COMMENT 'Mã tỉnh / thành phố',
    district       varchar(255) NOT NULL COMMENT 'quận/ huyện',
    district_code  int                   DEFAULT NULL COMMENT 'Mã quận huyện',
    commune        varchar(255) NOT NULL COMMENT 'xã/ phường',
    commune_code   int                   DEFAULT NULL COMMENT 'Mã xã phường',
    address_detail varchar(255) NOT NULL COMMENT 'Địa chỉ chi tiết',
    is_default     tinyint      NOT NULL COMMENT 'Có là địa chỉ mặc định không',
    name           varchar(100) NOT NULL DEFAULT '' COMMENT 'Tên người nhận',
    phone          varchar(20)           DEFAULT NULL COMMENT 'Số điện thoại',
    created_date   datetime              DEFAULT NULL COMMENT 'Ngày tạo',
    PRIMARY KEY (address_id)
) ENGINE = INNODB,
  AVG_ROW_LENGTH = 2048,
  CHARACTER SET utf8mb4,
  COLLATE utf8mb4_general_ci,
    COMMENT = 'Bảng thông tin địa chỉ của người dùng';

--
-- Create foreign key
--
ALTER TABLE address
    ADD CONSTRAINT FK_address_user_id FOREIGN KEY (user_id)
        REFERENCES user (user_id) ON DELETE CASCADE;

DELIMITER
$$

--
-- Create procedure `Proc_SetDefaultAddress`
--
CREATE PROCEDURE Proc_SetDefaultAddress($user_id char(36), $address_id char(36))
    SQL SECURITY INVOKER
BEGIN
    UPDATE address a
    SET a.is_default = FALSE
    WHERE a.is_default = TRUE
      AND a.user_id = $user_id;

    UPDATE address a
    SET a.is_default = TRUE
    WHERE a.address_id = $address_id;
    SELECT 1;

END
$$

DELIMITER ;

--
-- Create table `product`
--
CREATE TABLE product
(
    product_id   char(36)     NOT NULL COMMENT 'Định danh của sản phẩm',
    product_code varchar(255) NOT NULL DEFAULT '' COMMENT 'Mã sản phẩm',
    product_name varchar(255) NOT NULL COMMENT 'Tên sản phẩm',
    summary      varchar(255)          DEFAULT NULL COMMENT 'Tổng quan về sản phẩm',
    description  text                  DEFAULT NULL COMMENT 'Mô tả chi tiết về sản phẩm',
    created_date datetime     NOT NULL COMMENT 'Ngày tạo sản phẩm',
    status       tinyint      NOT NULL COMMENT 'Trạng thái của sản phẩm (Đang bán/ Ngừng bán)',
    outstanding  int          NOT NULL DEFAULT 0 COMMENT 'Mức độ nổi bật: 1 --> 10',
    PRIMARY KEY (product_id)
) ENGINE = INNODB,
  AVG_ROW_LENGTH = 8192,
  CHARACTER SET utf8mb4,
  COLLATE utf8mb4_general_ci,
    COMMENT = 'Bảng thông tin sản phẩm';

--
-- Create table `product_relation`
--
CREATE TABLE product_relation
(
    product_relation_id char(36) NOT NULL DEFAULT '',
    product_id          char(36) NOT NULL DEFAULT '' COMMENT 'Định danh của sản phẩm',
    relation_id         char(36) NOT NULL DEFAULT '' COMMENT 'Định danh của sản phẩm kèm theo',
    count_relation      int      NOT NULL DEFAULT 0 COMMENT 'Số lần xuất hiện trong các đơn hàng cùng với sản phẩm chính',
    PRIMARY KEY (product_relation_id)
) ENGINE = INNODB,
  AVG_ROW_LENGTH = 154,
  CHARACTER SET utf8mb4,
  COLLATE utf8mb4_general_ci,
    COMMENT = 'Bảng lưu các sản phẩm kèm theo của các sản phẩm';

--
-- Create foreign key
--
ALTER TABLE product_relation
    ADD CONSTRAINT FK_product_relation_product_id FOREIGN KEY (product_id)
        REFERENCES product (product_id) ON DELETE CASCADE;

--
-- Create table `product_detail`
--
CREATE TABLE product_detail
(
    product_detail_id char(36)       NOT NULL COMMENT 'Định danh thông tin chi tiết sản phẩm',
    product_id        char(36)       NOT NULL COMMENT 'Định danh của sản phẩm',
    img_url           varchar(255)   DEFAULT NULL COMMENT 'Đường dẫn ảnh sản phẩm',
    sale_price        decimal(10, 0) NOT NULL COMMENT 'Giá bán của sản phẩm',
    purchase_price    decimal(10, 0) NOT NULL COMMENT 'Giá nhập của sản phẩm',
    size_name         varchar(100)   DEFAULT NULL COMMENT 'Kích cỡ của sản phẩm',
    color_name        varchar(255)   DEFAULT NULL COMMENT 'Màu sắc của sản phẩm',
    quantity          int            NOT NULL COMMENT 'Số lượng hiện tại của sản phẩm',
    created_date      datetime       DEFAULT NULL,
    product_discount  decimal(10, 2) DEFAULT NULL COMMENT 'Giảm giá bao nhiêu %',
    sale_price_old    decimal(10, 0) DEFAULT NULL COMMENT 'Giá cũ',
    PRIMARY KEY (product_detail_id)
) ENGINE = INNODB,
  AVG_ROW_LENGTH = 2730,
  CHARACTER SET utf8mb4,
  COLLATE utf8mb4_general_ci,
    COMMENT = 'Bảng thông tin chi tiết sản phẩm';

--
-- Create foreign key
--
ALTER TABLE product_detail
    ADD CONSTRAINT FK_product_detail_product_id FOREIGN KEY (product_id)
        REFERENCES product (product_id) ON DELETE CASCADE;

DELIMITER
$$

--
-- Create procedure `Proc_ProductInfo`
--
CREATE PROCEDURE Proc_ProductInfo(IN $productId char(36))
    SQL SECURITY INVOKER
    COMMENT 'Lấy thông tin về sản phẩm để hiển thị trên trang bán hàng'
BEGIN
    DROP
        TEMPORARY TABLE IF EXISTS result1;
    CREATE
        TEMPORARY TABLE result1 COLLATE utf8mb4_general_ci
    SELECT pd.product_id,
           COUNT(pd.product_detail_id)                           AS count_detail,  -- số sản phẩm trong 1 loại sp
           GROUP_CONCAT(IFNULL(pd.img_url, '') SEPARATOR ';')    AS img_url,
           MAX(pd.sale_price)                                    AS sale_price_max,
           MIN(pd.sale_price)                                    AS sale_price_min,
           MAX(pd.sale_price_old)                                AS sale_price_old,
           MAX(pd.product_discount)                              AS product_discount,
           p.product_code,
           p.product_name,
           p.description,
           p.created_date,
           p.outstanding,
           GROUP_CONCAT(IFNULL(pd.color_name, '') SEPARATOR ';') AS colors,
           GROUP_CONCAT(IFNULL(pd.size_name, '') SEPARATOR ';')  AS sizes,
           SUM(IFNULL(pd.quantity, 0))                           AS total_quantity -- Lấy tổng số sp của loại sp
    FROM product_detail pd
             LEFT JOIN product p
                       ON pd.product_id = p.product_id
    WHERE p.product_id = $productId
      AND p.status = 1
    GROUP BY pd.product_id,
             p.product_code,
             p.product_name,
             p.description,
             p.created_date,
             p.outstanding;

-- Lấy số sao đánh giá của sp
    DROP
        TEMPORARY TABLE IF EXISTS result2;
    CREATE
        TEMPORARY TABLE result2 COLLATE utf8mb4_general_ci (SELECT r1.*,
                                                                   AVG(IFNULL(c.rate, 0))       AS rate, -- trung bình cộng số sao đánh giá
                                                                   COUNT(DISTINCT c.comment_id) AS count_comment
                                                            FROM result1 r1
                                                                     LEFT JOIN comment c
                                                                               ON r1.product_id = c.product_id
                                                            GROUP BY r1.product_id,
                                                                     r1.product_code,
                                                                     r1.product_name,
                                                                     r1.description,
                                                                     r1.created_date,
                                                                     r1.product_discount,
                                                                     r1.sale_price_old,
                                                                     r1.sale_price_min,
                                                                     r1.sale_price_max,
                                                                     r1.img_url,
                                                                     r1.outstanding,
                                                                     r1.count_detail,
                                                                     r1.colors,
                                                                     r1.sizes,
                                                                     r1.total_quantity);

    -- Lấy số sp đã bán của sp
    DROP
        TEMPORARY TABLE IF EXISTS result3;
    CREATE
        TEMPORARY TABLE result3 COLLATE utf8mb4_general_ci
    SELECT r2.*,
           CASE WHEN o.status <> 4 THEN SUM(IFNULL(po.quantity, 0)) ELSE 0 END AS count_order -- Số sp đã bán: khác 4(khác đã hủy đơn)
    FROM result2 r2
             LEFT JOIN product_order po
                       ON r2.product_id = po.product_id
             LEFT JOIN `order` o
                       ON po.order_id = o.order_id
    GROUP BY r2.product_id,
             r2.product_code,
             r2.product_name,
             r2.description,
             r2.created_date,
             r2.product_discount,
             r2.sale_price_old,
             r2.sale_price_min,
             r2.sale_price_max,
             r2.img_url,
             r2.outstanding,
             r2.count_detail,
             r2.rate,
             o.status,
             r2.colors,
             r2.sizes,
             r2.count_comment,
             r2.total_quantity;
    SELECT *
    FROM result3 r;
END
$$

DELIMITER ;

--
-- Create table `product_category`
--
CREATE TABLE product_category
(
    product_category_id char(36) NOT NULL COMMENT 'Định danh thông tin giap tiếp danh mục sản phẩm và sản phẩm',
    product_id          char(36) NOT NULL COMMENT 'Đinh danh sản phẩm',
    category_id         char(36) NOT NULL COMMENT 'Định danh danh mục sản phẩm',
    PRIMARY KEY (product_category_id)
) ENGINE = INNODB,
  AVG_ROW_LENGTH = 16384,
  CHARACTER SET utf8mb4,
  COLLATE utf8mb4_general_ci,
    COMMENT = 'Bảng thông tin giao tiếp danh mục sản phẩm và sản phẩm';

--
-- Create foreign key
--
ALTER TABLE product_category
    ADD CONSTRAINT FK_product_category_product_category_id FOREIGN KEY (product_id)
        REFERENCES product (product_id) ON DELETE CASCADE;

DELIMITER
$$

--
-- Create procedure `Proc_GetListProductCompare`
--
CREATE
    DEFINER = 'root'@'%'
    PROCEDURE Proc_GetListProductCompare(IN $ProductId char(36))
    COMMENT 'Lấy danh sách sản phẩm để so sánh'
BEGIN
    -- Lấy danh sách id nhóm sản phẩm của sp so sánh
    DROP
        TEMPORARY TABLE IF EXISTS tmpListCategoryProduct;
    CREATE
        TEMPORARY TABLE tmpListCategoryProduct
    SELECT pc.product_category_id,
           pc.product_id,
           pc.category_id
    FROM product_category pc
    WHERE pc.category_id IN (SELECT pc1.category_id
                             FROM product_category pc1
                             WHERE pc1.product_id = $ProductId)
      AND pc.product_id <> $ProductId;

    SELECT p.product_name,
           p.product_id
    FROM tmpListCategoryProduct tlcp
             INNER JOIN product p
                        ON tlcp.product_id = p.product_id
    WHERE p.status = 1;
END
$$

DELIMITER ;

--
-- Create table `product_cart`
--
CREATE TABLE product_cart
(
    product_cart_id   char(36) NOT NULL COMMENT 'Định danh thông tin giao tiếp sản phẩm và giỏ hàng',
    cart_id           char(36) NOT NULL COMMENT 'Định danh giỏ hàng',
    product_detail_id char(36) NOT NULL COMMENT 'Định danh của chi tiết sản phẩm',
    quantity          int      NOT NULL COMMENT 'Số lượng sản phẩm',
    created_date      datetime          DEFAULT NULL COMMENT 'Ngày tạo',
    product_id        char(36) NOT NULL DEFAULT '' COMMENT 'Định danh loại sp',
    PRIMARY KEY (product_cart_id)
) ENGINE = INNODB,
  AVG_ROW_LENGTH = 16384,
  CHARACTER SET utf8mb4,
  COLLATE utf8mb4_general_ci,
    COMMENT = 'Bảng thông tin giao tiếp sản phẩm và giỏ hàng';

--
-- Create foreign key
--
ALTER TABLE product_cart
    ADD CONSTRAINT FK_product_cart_product_id FOREIGN KEY (product_id)
        REFERENCES product (product_id) ON DELETE CASCADE;

DELIMITER
$$

--
-- Create procedure `Proc_ProductCart`
--
CREATE PROCEDURE Proc_ProductCart(IN $cartId char(36))
    SQL SECURITY INVOKER
    COMMENT 'Lấy danh sách sp trong giỏ hàng'
BEGIN
    SELECT p.product_name,
           p.product_id,
           pd.img_url,
           pd.color_name,
           pd.size_name,
           pd.sale_price,
           pd.quantity AS quantity_max,
           pd.sale_price_old,
           pc.product_cart_id,
           pc.cart_id,
           pc.product_detail_id,
           pc.quantity,
           pc.created_date,
           FALSE       AS selected
    FROM product_cart pc
             LEFT JOIN product_detail pd
                       ON pc.product_detail_id = pd.product_detail_id
             LEFT JOIN product p
                       ON pd.product_id = p.product_id
    WHERE pc.cart_id = $cartId
    ORDER BY pc.created_date DESC;
END
$$

--
-- Create procedure `Proc_ConvertStringToTable`
--
CREATE PROCEDURE Proc_ConvertStringToTable(IN $lstValue text, IN $SeparateCharacter char(1))
    SQL SECURITY INVOKER
BEGIN
    DECLARE
        $strJson longtext;
    SET
        $strJson = CONCAT('[{"a":"', REPLACE($lstValue, $SeparateCharacter, '"},{"a":"'), '"}]');
    DROP
        TEMPORARY TABLE IF EXISTS tmpListConvert;
    CREATE
        TEMPORARY TABLE tmpListConvert
    (
        value varchar(500)
    ) COLLATE utf8mb4_general_ci;

    IF
        JSON_VALID($strJson) = 1 THEN
        INSERT INTO tmpListConvert
        SELECT *
        FROM JSON_TABLE($strJson, "$[*]" COLUMNS (
      a varchar(500) PATH "$.a"
      )
         ) AS tt;
    END IF;
END
$$

--
-- Create procedure `Proc_GetProductRelationOrder`
--
CREATE PROCEDURE Proc_GetProductRelationOrder(IN $ListProductId text)
    SQL SECURITY INVOKER
    COMMENT 'Lấy danh sách sản phẩm liên quan'
BEGIN
    CALL Proc_ConvertStringToTable($ListProductId, ',');

-- Lấy danh sách đơn hàng có sản phẩm đầu vào
    DROP
        TEMPORARY TABLE IF EXISTS tmpListProductOrder;
    CREATE
        TEMPORARY TABLE tmpListProductOrder
    SELECT DISTINCT po.product_id,
                    po.relation_id,
                    po.count_relation
    FROM product_relation po
             INNER JOIN tmpListConvert tlp
                        ON po.product_id = tlp.value;

-- Lấy các sản phẩm khác cùng đơn với sản đầu vào
    DROP
        TEMPORARY TABLE IF EXISTS tmpListProductOrderRelation;
    CREATE
        TEMPORARY TABLE tmpListProductOrderRelation
    SELECT p.product_id,
           p.product_code,
           p.product_name,
           p.description,
           p.created_date,
           p.outstanding,
           tlpo.count_relation AS countProduct
    FROM tmpListProductOrder tlpo
             INNER JOIN product p
                        ON tlpo.relation_id = p.product_id
    WHERE $ListProductId NOT LIKE CONCAT('%', tlpo.relation_id, '%')
    ORDER BY countProduct DESC
    LIMIT 20 OFFSET 0;

-- Lấy thông tin sản phẩm
    DROP
        TEMPORARY TABLE IF EXISTS result1;
    CREATE
        TEMPORARY TABLE result1 COLLATE utf8mb4_general_ci
    SELECT pd.product_id,
           COUNT(pd.product_detail_id)                        AS count_detail, -- số sản phẩm trong 1 loại sp
           GROUP_CONCAT(IFNULL(pd.img_url, '') SEPARATOR ';') AS img_url,
           MAX(pd.sale_price)                                 AS sale_price_max,
           MIN(pd.sale_price)                                 AS sale_price_min,
           MAX(pd.sale_price_old)                             AS sale_price_old,
           MAX(pd.product_discount)                           AS product_discount,
           p.product_code,
           p.product_name,
           p.description,
           p.created_date,
           p.outstanding,
           p.countProduct
    FROM product_detail pd
             JOIN tmpListProductOrderRelation p
                  ON pd.product_id = p.product_id
    GROUP BY pd.product_id,
             p.product_code,
             p.product_name,
             p.description,
             p.created_date,
             p.outstanding,
             p.countProduct;

-- Lấy trung bình cộng số sao đánh giá
    DROP
        TEMPORARY TABLE IF EXISTS result2;
    CREATE
        TEMPORARY TABLE result2 COLLATE utf8mb4_general_ci (SELECT r1.*,
                                                                   AVG(IFNULL(c.rate, 0)) AS rate -- trung bình cộng số sao đánh giá
                                                            FROM result1 r1
                                                                     LEFT JOIN comment c
                                                                               ON r1.product_id = c.product_id
                                                            GROUP BY r1.product_id,
                                                                     r1.product_code,
                                                                     r1.product_name,
                                                                     r1.description,
                                                                     r1.created_date,
                                                                     r1.product_discount,
                                                                     r1.sale_price_old,
                                                                     r1.sale_price_min,
                                                                     r1.sale_price_max,
                                                                     r1.img_url,
                                                                     r1.outstanding,
                                                                     r1.count_detail,
                                                                     r1.countProduct);

    -- Lấy số sp đã bán
    DROP
        TEMPORARY TABLE IF EXISTS result3;
    CREATE
        TEMPORARY TABLE result3 COLLATE utf8mb4_general_ci
    SELECT r2.*,
           SUM(IFNULL(po.quantity, 0)) AS count_order -- Số sp đã bán: khác 4 và 7(khác đã hủy đơn và khác đơn đã đc hoàn trở lại)
    FROM result2 r2
             INNER JOIN product_order po
                        ON r2.product_id = po.product_id
             INNER JOIN `order` o
                        ON po.order_id = o.order_id
    WHERE o.status <> 4
        AND o.status <> 7
       OR o.status IS NULL
    GROUP BY r2.product_id,
             r2.product_code,
             r2.product_name,
             r2.description,
             r2.created_date,
             r2.product_discount,
             r2.sale_price_old,
             r2.sale_price_min,
             r2.sale_price_max,
             r2.img_url,
             r2.outstanding,
             r2.count_detail,
             r2.rate,
             r2.countProduct;
    SELECT *
    FROM result3 r
    ORDER BY r.countProduct DESC
    LIMIT 20 OFFSET 0;
END
$$

--
-- Create procedure `Proc_GetProductHome`
--
CREATE PROCEDURE Proc_GetProductHome(IN $keyword varchar(255), IN $rating int, IN $fromAmount decimal(10, 0),
                                     IN $toAmount decimal(10, 0), IN $category text,
                                     IN $sort int, -- sắp xếp:  1: Mới nhất, 2: Báy chạy, 3: Giá Thấp đến cao, 4: Giá Cao đến thấp
                                     IN $page int, -- sắp xếp:  1: Mới nhất, 2: Báy chạy, 3: Giá Thấp đến cao, 4: Giá Cao đến thấp
                                     IN $pageSize int)
    SQL SECURITY INVOKER
    COMMENT 'Lấy danh sách sản phẩm trang home page có tìm kiếm, sắp xếp,...'
BEGIN
    DECLARE
        $totalRecord int;
    DECLARE
        $offset int;
    SET
        $offset = $page * $pageSize;

    DROP
        TEMPORARY TABLE IF EXISTS result1;
    CREATE
        TEMPORARY TABLE result1 COLLATE utf8mb4_general_ci
    SELECT pd.product_id,
           COUNT(pd.product_detail_id)                        AS count_detail, -- số sản phẩm trong 1 loại sp
           GROUP_CONCAT(IFNULL(pd.img_url, '') SEPARATOR ';') AS img_url,
           MAX(pd.sale_price)                                 AS sale_price_max,
           MIN(pd.sale_price)                                 AS sale_price_min,
           MAX(pd.sale_price_old)                             AS sale_price_old,
           MAX(pd.product_discount)                           AS product_discount,
           p.product_code,
           p.product_name,
           p.description,
           p.created_date,
           p.outstanding
    FROM product_detail pd
             LEFT JOIN product p
                       ON pd.product_id = p.product_id
    WHERE p.status = 1
    GROUP BY pd.product_id,
             p.product_code,
             p.product_name,
             p.description,
             p.created_date,
             p.outstanding;

-- Lấy số sp đã bán của sp
    DROP
        TEMPORARY TABLE IF EXISTS result2;
    CREATE
        TEMPORARY TABLE result2 COLLATE utf8mb4_general_ci (SELECT r1.*,
                                                                   AVG(IFNULL(c.rate, 0)) AS rate -- trung bình cộng số sao đánh giá
                                                            FROM result1 r1
                                                                     LEFT JOIN comment c
                                                                               ON r1.product_id = c.product_id
                                                            GROUP BY r1.product_id,
                                                                     r1.product_code,
                                                                     r1.product_name,
                                                                     r1.description,
                                                                     r1.created_date,
                                                                     r1.product_discount,
                                                                     r1.sale_price_old,
                                                                     r1.sale_price_min,
                                                                     r1.sale_price_max,
                                                                     r1.img_url,
                                                                     r1.outstanding,
                                                                     r1.count_detail);

    -- Lấy số sao đánh giá của sp
    DROP
        TEMPORARY TABLE IF EXISTS result3;
    CREATE
        TEMPORARY TABLE result3 COLLATE utf8mb4_general_ci
    SELECT r2.*,
           SUM(IFNULL(po.quantity, 0)) AS count_order -- Số sp đã bán: khác 4(khác đã hủy đơn)
    FROM result2 r2
             LEFT JOIN product_order po
                       ON r2.product_id = po.product_id
             LEFT JOIN `order` o
                       ON po.order_id = o.order_id
                           AND (o.status <> 4
                               OR o.status IS NULL)
         --   WHERE o.status <> 4 OR o.status IS NULL
    GROUP BY r2.product_id,
             r2.product_code,
             r2.product_name,
             r2.description,
             r2.created_date,
             r2.product_discount,
             r2.sale_price_old,
             r2.sale_price_min,
             r2.sale_price_max,
             r2.img_url,
             r2.outstanding,
             r2.count_detail,
             r2.rate;
-- Lấy danh sách sp theo nhóm Danh mục
    IF
            $category IS NOT NULL
            AND $category <> '' THEN
        CALL Proc_ConvertStringToTable($category, ',');
        DROP
            TEMPORARY TABLE IF EXISTS tmpProductCategory;
        CREATE
            TEMPORARY TABLE tmpProductCategory
        SELECT DISTINCT pc.product_id
        FROM product_category pc
                 INNER JOIN tmpListConvert tlc
                            ON pc.category_id = tlc.value;

-- Lấy tổng số bản ghi
        SELECT COUNT(*)
        INTO $totalRecord
        FROM result3 r
                 INNER JOIN tmpProductCategory tdc
                            ON r.product_id = tdc.product_id
        WHERE r.product_name LIKE CONCAT('%', IFNULL($keyword, ''), '%')
          AND ($fromAmount IS NULL
            OR r.sale_price_max >= $fromAmount)
          AND ($toAmount IS NULL
            OR r.sale_price_min <= $toAmount)
          AND ($rating IS NULL
            OR r.rate >= $rating);
-- Lấy danh sách sản phẩm
        SELECT *,
               $totalRecord AS totalRecord
        FROM result3 r
                 INNER JOIN tmpProductCategory tdc
                            ON r.product_id = tdc.product_id
        WHERE r.product_name LIKE CONCAT('%', IFNULL($keyword, ''), '%')
          AND ($fromAmount IS NULL
            OR r.sale_price_max >= $fromAmount)
          AND ($toAmount IS NULL
            OR r.sale_price_min <= $toAmount)
          AND ($rating IS NULL
            OR r.rate >= $rating)
        ORDER BY CASE WHEN $sort = 1 THEN created_date END DESC,
                 CASE WHEN $sort = 2 THEN count_order END DESC,
                 CASE WHEN $sort = 4 THEN sale_price_max END DESC,
                 CASE WHEN $sort = 3 THEN sale_price_min END ASC,
                 r.outstanding DESC
        LIMIT $pageSize OFFSET $offset;

    ELSE
        -- Lấy tổng số bản ghi
        SELECT COUNT(*)
        INTO $totalRecord
        FROM result3 r
        WHERE r.product_name LIKE CONCAT('%', IFNULL($keyword, ''), '%')
          AND ($fromAmount IS NULL
            OR r.sale_price_max >= $fromAmount)
          AND ($toAmount IS NULL
            OR r.sale_price_min <= $toAmount)
          AND ($rating IS NULL
            OR r.rate >= $rating);
-- Lấy danh sách sản phẩm
        SELECT *,
               $totalRecord AS totalRecord
        FROM result3 r
        WHERE r.product_name LIKE CONCAT('%', IFNULL($keyword, ''), '%')
          AND ($fromAmount IS NULL
            OR r.sale_price_max >= $fromAmount)
          AND ($toAmount IS NULL
            OR r.sale_price_min <= $toAmount)
          AND ($rating IS NULL
            OR r.rate >= $rating)
        ORDER BY CASE WHEN $sort = 1 THEN created_date END DESC,
                 CASE WHEN $sort = 2 THEN count_order END DESC,
                 CASE WHEN $sort = 4 THEN sale_price_max END DESC,
                 CASE WHEN $sort = 3 THEN sale_price_min END ASC,
                 r.outstanding DESC
        LIMIT $pageSize OFFSET $offset;
    END IF;


END
$$

DELIMITER ;

--
-- Create table `attribute`
--
CREATE TABLE attribute
(
    attribute_id   char(36)     NOT NULL DEFAULT '',
    attribute_name varchar(255) NOT NULL DEFAULT '',
    status         tinyint      NOT NULL DEFAULT 0,
    created_date   datetime              DEFAULT NULL,
    PRIMARY KEY (attribute_id)
) ENGINE = INNODB,
  AVG_ROW_LENGTH = 5461,
  CHARACTER SET utf8mb4,
  COLLATE utf8mb4_general_ci,
    COMMENT = 'Thông tin nhóm thuộc tính của sản phẩm';

--
-- Create table `product_attribute`
--
CREATE TABLE product_attribute
(
    product_attribute_id char(36)     NOT NULL COMMENT 'Đanh danh bảng thông tin thuộc tính sản phẩm',
    attribute_id         char(36)     NOT NULL DEFAULT '' COMMENT 'Định danh của nhóm thuộc tính',
    product_id           char(36)     NOT NULL COMMENT 'Định danh của sản phẩm',
    value                varchar(255) NOT NULL COMMENT 'Giá trị thuộc tính',
    created_date         datetime              DEFAULT NULL,
    PRIMARY KEY (product_attribute_id)
) ENGINE = INNODB,
  AVG_ROW_LENGTH = 5461,
  CHARACTER SET utf8mb4,
  COLLATE utf8mb4_general_ci,
    COMMENT = 'Bảng thông tin các thuộc tính của sản phẩm';

--
-- Create foreign key
--
ALTER TABLE product_attribute
    ADD CONSTRAINT FK_product_attribute_attribute_id FOREIGN KEY (attribute_id)
        REFERENCES attribute (attribute_id) ON DELETE CASCADE;

--
-- Create foreign key
--
ALTER TABLE product_attribute
    ADD CONSTRAINT FK_product_attribute_product_id FOREIGN KEY (product_id)
        REFERENCES product (product_id) ON DELETE CASCADE;

DELIMITER
$$

--
-- Create procedure `Proc_GetProductAttribute`
--
CREATE PROCEDURE Proc_GetProductAttribute(IN $productId char(36))
    SQL SECURITY INVOKER
    COMMENT 'Lấy thuộc tính của sản phẩm'
BEGIN
    SELECT pa.product_attribute_id,
           pa.attribute_id,
           pa.product_id,
           pa.value,
           pa.created_date,
           a.attribute_name,
           2 AS state
    FROM product_attribute pa
             LEFT JOIN attribute a
                       ON pa.attribute_id = a.attribute_id
    WHERE pa.product_id = $productId;
END
$$

DELIMITER ;

--
-- Create table `category`
--
CREATE TABLE category
(
    category_id   char(36)     NOT NULL COMMENT 'Định danh của danh mục sản phẩm',
    category_name varchar(255) NOT NULL COMMENT 'Tên danh mục sản phẩm',
    created_date  datetime DEFAULT NULL COMMENT 'Tên danh mục sản phẩm',
    status        tinyint      NOT NULL COMMENT 'Trạng thái: 0 - không sử dụng, 1 - đang sử dụng',
    PRIMARY KEY (category_id)
) ENGINE = INNODB,
  AVG_ROW_LENGTH = 8192,
  CHARACTER SET utf8mb4,
  COLLATE utf8mb4_general_ci,
    COMMENT = 'Bảng thông tin danh mục sản phẩm';

DELIMITER
$$

--
-- Create procedure `Proc_GetCategory`
--
CREATE PROCEDURE Proc_GetCategory()
    SQL SECURITY INVOKER
    COMMENT 'Lấy danh sách Loại sản phẩm'
BEGIN
    SELECT c.category_name,
           c.category_id,
           c.created_date,
           COUNT(p.product_id) AS product_count
    FROM product p
             JOIN product_category pc
                  ON p.product_id = pc.product_id
             JOIN category c
                  ON pc.category_id = c.category_id
    GROUP BY c.category_name,
             c.category_id,
             c.created_date
    ORDER BY product_count DESC;

END
$$

--
-- Create function `SnakeToPascal`
--
CREATE
    DEFINER = 'root'@'%'
    FUNCTION SnakeToPascal(str varchar(200))
    RETURNS varchar(200) CHARSET utf8mb4
    NO SQL
BEGIN
    DECLARE
        n,
        pos int DEFAULT 1;
    DECLARE
        sub,
        proper varchar(128) DEFAULT '';

    IF
        LENGTH(TRIM(str)) > 0 THEN
        WHILE pos > 0
            DO
                SET pos = LOCATE('_', TRIM(str), n);
                IF
                    pos = 0 THEN
                    SET sub = LOWER(TRIM(SUBSTR(TRIM(str), n)));
                ELSE
                    SET sub = LOWER(TRIM(SUBSTR(TRIM(str), n, pos - n)));
                END IF;

                SET
                    proper = CONCAT_WS('', proper, CONCAT(UPPER(LEFT(sub, 1)), SUBSTR(sub, 2)));
                SET
                    n = pos + 1;
            END WHILE;
    END IF;

    RETURN TRIM(proper);
END
$$

--
-- Create procedure `Proc_GenEntity`
--
CREATE PROCEDURE Proc_GenEntity(IN tableName varchar(150))
    SQL SECURITY INVOKER
    COMMENT 'Tạo Entity'
BEGIN
    SELECT field
    FROM (SELECT CONCAT('public ',
                        CASE
                            WHEN
                                        DATA_TYPE = 'char' AND
                                        CHARACTER_MAXIMUM_LENGTH = 36 THEN 'Guid'
                            WHEN DATA_TYPE = 'bit' THEN 'bool'
                            WHEN
                                DATA_TYPE = 'int' THEN 'int'
                            WHEN DATA_TYPE = 'bidgint' THEN 'long'
                            WHEN
                                DATA_TYPE = 'tinyint' THEN 'int'
                            WHEN DATA_TYPE = 'double' THEN 'decimal'
                            WHEN
                                DATA_TYPE = 'decimal' THEN 'decimal'
                            WHEN DATA_TYPE = 'float' THEN 'decimal'
                            WHEN
                                DATA_TYPE = 'date' THEN 'DateTime'
                            WHEN DATA_TYPE = 'datetime' THEN 'DateTime'
                            WHEN
                                DATA_TYPE = 'timestamp' THEN 'DateTime'
                            ELSE 'string' END,
                        ' ',
                        CASE IS_NULLABLE WHEN 'YES' THEN '?' ELSE '' END,
                        ' ',
                        column_name,
                        ' {get;set;}') AS field,
                 100                   AS gp,
                 ordinal_position      AS so
          FROM information_schema.COLUMNS
          WHERE TABLE_NAME = tableName
            AND TABLE_SCHEMA = 'dictionary'
          UNION ALL
          SELECT '/// <summary>',
                 10,
                 ordinal_position
          FROM information_schema.COLUMNS
          WHERE TABLE_NAME = tableName
            AND TABLE_SCHEMA = 'dictionary'
          UNION ALL
          SELECT CONCAT('/// ',
                        CASE
                            WHEN
                                        column_key = 'PRI' AND
                                        (column_comment IS NULL OR
                                         column_comment = '') THEN 'PK'
                            ELSE column_comment END),
                 20,
                 ordinal_position
          FROM information_schema.COLUMNS
          WHERE TABLE_NAME = tableName
            AND TABLE_SCHEMA = 'dictionary'
          UNION ALL
          SELECT '/// <summary>',
                 30,
                 ordinal_position
          FROM information_schema.COLUMNS
          WHERE TABLE_NAME = tableName
            AND TABLE_SCHEMA = 'dictionary'
          UNION ALL
          SELECT '[Key]',
                 40,
                 ordinal_position
          FROM information_schema.COLUMNS
          WHERE TABLE_NAME = tableName
            AND column_key = 'PRI'
            AND TABLE_SCHEMA = 'dictionary'
          UNION ALL
          SELECT '/// <summary>',
                 -30,
                 0
          UNION ALL
          SELECT CONCAT('/// ', table_comment),
                 -29,
                 0
          FROM information_schema.tables
          WHERE TABLE_NAME = tableName
            AND TABLE_SCHEMA = 'dictionary'
          UNION ALL
          SELECT '/// <summary>',
                 -28,
                 0
          UNION ALL
          SELECT CONCAT('[Table("', LOWER(tableName), '")]'),
                 -10,
                 0
          UNION ALL
          SELECT CONCAT('public class ', SnakeToPascal(tableName), 'Entity'),
                 -9,
                 0
          UNION ALL
          SELECT '{',
                 -8,
                 0
          UNION ALL
          SELECT '}',
                 1000,
                 1000) AS T
    ORDER BY so, gp;

END
$$

DELIMITER ;

--
-- Create table `size`
--
CREATE TABLE size
(
    size_id      char(36)     NOT NULL COMMENT 'Định danh kích cỡ',
    size_name    varchar(255) NOT NULL COMMENT 'Tên kích cỡ',
    status       tinyint      NOT NULL DEFAULT 0 COMMENT 'Trạng thái: 0 - không sử dụng, 1 - đang sử dụng',
    created_date datetime              DEFAULT NULL,
    PRIMARY KEY (size_id)
) ENGINE = INNODB,
  AVG_ROW_LENGTH = 3276,
  CHARACTER SET utf8mb4,
  COLLATE utf8mb4_general_ci,
    COMMENT = 'Bảng thông tin kích cỡ';

--
-- Create table `color`
--
CREATE TABLE color
(
    color_id     char(36)     NOT NULL COMMENT 'Định danh màu',
    color_name   varchar(255) NOT NULL COMMENT 'Tên màu',
    created_date datetime DEFAULT NULL,
    status       tinyint      NOT NULL,
    PRIMARY KEY (color_id)
) ENGINE = INNODB,
  AVG_ROW_LENGTH = 2730,
  CHARACTER SET utf8mb4,
  COLLATE utf8mb4_general_ci,
    COMMENT = 'Bảng thông tin màu sắc';

DELIMITER
$$

--
-- Create procedure `Proc_GetUserInfo`
--
CREATE PROCEDURE Proc_GetUserInfo(IN $UserId char(36))
    SQL SECURITY INVOKER
    COMMENT 'Lấy thông tin người dùng'
BEGIN
    SELECT u.user_id,
           u.first_name,
           u.last_name,
           u.email,
           u.phone,
           u.avatar,
           u.cart_id,
           u.gender,
           u.date_of_birth,
           u.is_block,
           IF(u.date_of_birth IS NOT NULL, DAY(u.date_of_birth), NULL)                     AS `day`,
           IF(u.date_of_birth IS NOT NULL, CONCAT('Tháng ', MONTH(u.date_of_birth)), NULL) AS `month`,
           IF(u.date_of_birth IS NOT NULL, YEAR(u.date_of_birth), NULL)                    AS `year`
    FROM user u
    WHERE u.user_id = $UserId;
END
$$

--
-- Create procedure `Proc_GetRateOption`
--
CREATE PROCEDURE Proc_GetRateOption(IN $product_id char(36))
    SQL SECURITY INVOKER
    COMMENT 'Lấy các option đánh giá'
BEGIN
    DECLARE
        $RateAll varchar(50);
    DECLARE
        $RateFive varchar(50);
    DECLARE
        $RateFour varchar(50);
    DECLARE
        $RateThree varchar(50);
    DECLARE
        $RateTwo varchar(50);
    DECLARE
        $RateOne varchar(50);
    DECLARE
        $RateHaveContent varchar(50);
    DECLARE
        $RateHaveImage varchar(50);
    DROP
        TEMPORARY TABLE IF EXISTS result;
    CREATE
        TEMPORARY TABLE result
    (
        title    varchar(50),
        rateCode varchar(20),
        active   boolean
    );
    -- Tất cả
    SELECT COUNT(c.comment_id)
    INTO $RateAll
    FROM comment c
    WHERE c.product_id = $product_id;

    INSERT INTO result (title, rateCode, active)
    VALUES (CONCAT('Tất cả (', $RateAll, ')'), 'All', TRUE);

-- 5 sao
    SELECT COUNT(c.comment_id)
    INTO $RateFive
    FROM comment c
    WHERE c.product_id = $product_id
      AND c.rate = 5;

    INSERT INTO result (title, rateCode, active)
    VALUES (CONCAT('5 Sao (', $RateFive, ')'), 'Five', FALSE);

-- 4 sao
    SELECT COUNT(c.comment_id)
    INTO $RateFour
    FROM comment c
    WHERE c.product_id = $product_id
      AND c.rate = 4;

    INSERT INTO result (title, rateCode, active)
    VALUES (CONCAT('4 Sao (', $RateFour, ')'), 'Four', FALSE);

-- 3 sao
    SELECT COUNT(c.comment_id)
    INTO $RateThree
    FROM comment c
    WHERE c.product_id = $product_id
      AND c.rate = 3;

    INSERT INTO result (title, rateCode, active)
    VALUES (CONCAT('3 Sao (', $RateThree, ')'), 'Three', FALSE);

-- 2 sao
    SELECT COUNT(c.comment_id)
    INTO $RateTwo
    FROM comment c
    WHERE c.product_id = $product_id
      AND c.rate = 2;

    INSERT INTO result (title, rateCode, active)
    VALUES (CONCAT('2 Sao (', $RateTwo, ')'), 'Two', FALSE);

-- 1 sao
    SELECT COUNT(c.comment_id)
    INTO $RateOne
    FROM comment c
    WHERE c.product_id = $product_id
      AND c.rate = 1;

    INSERT INTO result (title, rateCode, active)
    VALUES (CONCAT('1 Sao (', $RateOne, ')'), 'One', FALSE);

-- có nội dung
    SELECT COUNT(c.comment_id)
    INTO $RateHaveContent
    FROM comment c
    WHERE c.product_id = $product_id
      AND c.content IS NOT NULL
      AND c.content <> '';

    INSERT INTO result (title, rateCode, active)
    VALUES (CONCAT('Có Bình Luận (', $RateHaveContent, ')'), 'HaveContent', FALSE);

-- có hình ảnh
    SELECT COUNT(c.comment_id)
    INTO $RateHaveImage
    FROM comment c
    WHERE c.product_id = $product_id
      AND c.img_url IS NOT NULL
      AND c.img_url <> '';

    INSERT INTO result (title, rateCode, active)
    VALUES (CONCAT('Có Hình Ảnh (', $RateHaveImage, ')'), 'HaveImage', FALSE);

    SELECT *
    FROM result r;
END
$$

--
-- Create procedure `Proc_GetCommentProduct`
--
CREATE PROCEDURE Proc_GetCommentProduct(IN $product_id char(36), IN $filterCode varchar(20), IN $pageNumber int,
                                        IN $pageSize int)
    SQL SECURITY INVOKER
    COMMENT 'Lấy bình luận đánh giá của 1 sản phẩm'
BEGIN
    DECLARE
        $Count int;
    DECLARE
        $offset int;
    SET
        $offset = $pageNumber * $pageSize;
    IF
        $filterCode = 'All' THEN
        BEGIN
            SELECT COUNT(*)
            INTO $Count
            FROM comment c
            WHERE c.product_id = $product_id;
            SELECT c.*,
                   u.email,
                   u.avatar,
                   $Count AS count_comment
            FROM comment c
                     LEFT JOIN user u
                               ON c.user_id = u.user_id
            WHERE c.product_id = $product_id
            ORDER BY c.created_date DESC
            LIMIT $pageSize OFFSET $offset;
        END;
    ELSEIF
        $filterCode = 'Five' THEN
        BEGIN
            SELECT COUNT(*)
            INTO $Count
            FROM comment c
            WHERE c.product_id = $product_id
              AND c.rate = 5;
            SELECT c.*,
                   u.email,
                   u.avatar,
                   $Count AS count_comment
            FROM comment c
                     LEFT JOIN user u
                               ON c.user_id = u.user_id
            WHERE c.product_id = $product_id
              AND c.rate = 5
            ORDER BY c.created_date DESC
            LIMIT $pageSize OFFSET $offset;
        END;
    ELSEIF
        $filterCode = 'Four' THEN
        BEGIN
            SELECT COUNT(*)
            INTO $Count
            FROM comment c
            WHERE c.product_id = $product_id
              AND c.rate = 4;
            SELECT c.*,
                   u.email,
                   u.avatar,
                   $Count AS count_comment
            FROM comment c
                     LEFT JOIN user u
                               ON c.user_id = u.user_id
            WHERE c.product_id = $product_id
              AND c.rate = 4
            ORDER BY c.created_date DESC
            LIMIT $pageSize OFFSET $offset;
        END;
    ELSEIF
        $filterCode = 'Three' THEN
        BEGIN
            SELECT COUNT(*)
            INTO $Count
            FROM comment c
            WHERE c.product_id = $product_id
              AND c.rate = 3;
            SELECT c.*,
                   u.email,
                   u.avatar,
                   $Count AS count_comment
            FROM comment c
                     LEFT JOIN user u
                               ON c.user_id = u.user_id
            WHERE c.product_id = $product_id
              AND c.rate = 3
            ORDER BY c.created_date DESC
            LIMIT $pageSize OFFSET $offset;
        END;
    ELSEIF
        $filterCode = 'Two' THEN
        BEGIN
            SELECT COUNT(*)
            INTO $Count
            FROM comment c
            WHERE c.product_id = $product_id
              AND c.rate = 2;
            SELECT c.*,
                   u.email,
                   u.avatar,
                   $Count AS count_comment
            FROM comment c
                     LEFT JOIN user u
                               ON c.user_id = u.user_id
            WHERE c.product_id = $product_id
              AND c.rate = 2
            ORDER BY c.created_date DESC
            LIMIT $pageSize OFFSET $offset;
        END;
    ELSEIF
        $filterCode = 'One' THEN
        BEGIN
            SELECT COUNT(*)
            INTO $Count
            FROM comment c
            WHERE c.product_id = $product_id
              AND c.rate = 1;
            SELECT c.*,
                   u.email,
                   u.avatar,
                   $Count AS count_comment
            FROM comment c
                     LEFT JOIN user u
                               ON c.user_id = u.user_id
            WHERE c.product_id = $product_id
              AND c.rate = 1
            ORDER BY c.created_date DESC
            LIMIT $pageSize OFFSET $offset;
        END;
    ELSEIF
        $filterCode = 'HaveContent' THEN
        BEGIN
            SELECT COUNT(*)
            INTO $Count
            FROM comment c
            WHERE c.product_id = $product_id
              AND c.content IS NOT NULL
              AND c.content <> '';
            SELECT c.*,
                   u.email,
                   u.avatar,
                   $Count AS count_comment
            FROM comment c
                     LEFT JOIN user u
                               ON c.user_id = u.user_id
            WHERE c.product_id = $product_id
              AND c.content IS NOT NULL
              AND c.content <> ''
            ORDER BY c.created_date DESC
            LIMIT $pageSize OFFSET $offset;
        END;
    ELSEIF
        $filterCode = 'HaveImage' THEN
        BEGIN
            SELECT COUNT(*)
            INTO $Count
            FROM comment c
            WHERE c.product_id = $product_id
              AND c.img_url IS NOT NULL
              AND c.img_url <> '';
            SELECT c.*,
                   u.email,
                   u.avatar,
                   $Count AS count_comment
            FROM comment c
                     LEFT JOIN user u
                               ON c.user_id = u.user_id
            WHERE c.product_id = $product_id
              AND c.img_url IS NOT NULL
              AND c.img_url <> ''
            ORDER BY c.created_date DESC
            LIMIT $pageSize OFFSET $offset;
        END;
    END IF;
END
$$

DELIMITER ;

-- 
-- Dumping data for table user
--
INSERT INTO user
VALUES ('0c4320b0-a53a-4794-8fdd-4d035c164d35', 'Trần Văn', 'Thịnh', 'thinh@gmail.com',
        '$2a$11$D1cdC9cfvUnnD6LTrBID1upEh0rXAlEYfvPAYck.QFTHPF5YuVTyi', '0975489782',
        'avatar_7e0b91a5-a864-4c12-bcec-f7532b532155.jpg', 1, 0, '9c653706-79b1-428a-85c4-9e2ccb1773cf', 1,
        '1999-11-01 17:00:00'),
       ('a1fd68e8-8d69-11ed-b59f-0242ac150002', 'Quang', 'Đạt', 'admin@gmail.com',
        '$2a$11$qGeY.OWZbRNkb/Zp/cbu7.BaOKD7LMZGEXynCvjw2R9CfbBmxwkPa', '0123456789',
        'avatar_d89f8746-1102-4b5b-be78-24c006d36a7c.jpg', 2, 0, 'b4fe0249-59a7-11ed-90ec-0242ac130002', 1,
        '1999-05-11 17:00:00'),
       ('b4fe01f5-59a7-11ed-90ec-0242ac130002', 'Đinh Quang', 'Đạt', 'dat@gmail.com',
        '$2a$11$/EZV3yBoZlnSUTIXWpRzruNJrYrh1m69h6nP9fg46bkatoe/wjfTC', '0868389674',
        'avatar_8d9ed1fd-d79b-4d81-8e17-bb12c496b775.jpg', 1, 0, 'b4fe0249-59a7-11ed-90ec-0242ac130002', 1,
        '1999-05-17 17:00:00'),
       ('c7fb50a1-41fc-480e-add0-b585864bb10a', 'Đinh Thị Hồng', 'Hạnh', 'hanh@gmail.com',
        '$2a$11$/EZV3yBoZlnSUTIXWpRzruNJrYrh1m69h6nP9fg46bkatoe/wjfTC', '0348154564',
        'avatar_06b43670-a5ad-480e-b262-6487f4af02c5.jpg', 1, 0, 'f8a7e403-d3aa-485c-94f9-ddb7a0b04714', 2,
        '1994-08-06 17:00:00');

-- 
-- Dumping data for table `order`
--
INSERT INTO `order`
VALUES ('09006f26-3c65-44b4-bbd8-7404d581e8cf', 'b4fe01f5-59a7-11ed-90ec-0242ac130002', 18539000, 1, 'Quang Đạt',
        '2023-02-22 01:03:54', NULL, '2023-02-22 01:04:12', NULL, '2023-02-22 01:04:13', '2023-02-22 01:04:14', NULL,
        NULL, '0868389674', 'Cổng trường cấp 1, Xã Mai Đình, Huyện Hiệp Hòa, Tỉnh Bắc Giang', 0, 18539000,
        '20230222010353', 1),
       ('6650e43f-8f9c-4bf9-b2f1-74eaafcdcd20', '0c4320b0-a53a-4794-8fdd-4d035c164d35', 3064000, 2, 'Trần Văn Thịnh',
        '2023-03-11 22:43:50', NULL, '2023-03-11 22:45:22', NULL, NULL, NULL, NULL, NULL, '0975489782',
        'Thôn Vũ Xuyên, Xã Yên Dương, Huyện Ý Yên, Tỉnh Nam Định', 0, 3064000, '20230311224349', NULL),
       ('672e7d81-c8c4-4492-b696-fd8924e09986', 'c7fb50a1-41fc-480e-add0-b585864bb10a', 30815500, 1,
        'Đinh Thị Hồng Hạnh', '2023-02-22 20:22:53', NULL, '2023-02-22 21:10:12', NULL, '2023-02-22 21:10:13',
        '2023-02-22 21:10:16', NULL, NULL, '0348154564', 'Thôn Nguyễn, Xã Mai Đình, Huyện Hiệp Hòa, Tỉnh Bắc Giang', 0,
        30815500, '20230222202253', 1),
       ('81cfc0e1-08f6-47fc-bebe-aede71f4c7fb', 'c7fb50a1-41fc-480e-add0-b585864bb10a', 483000, 1, 'Nguyễn Ngọc Trung',
        '2023-02-22 20:21:12', NULL, '2023-02-22 21:10:20', NULL, '2023-02-22 21:10:21', '2023-02-22 21:10:21', NULL,
        NULL, '0348154574', 'thôn San, Xã Mai Đình, Huyện Hiệp Hòa, Tỉnh Bắc Giang', 0, 483000, '20230222202111', 1),
       ('86221f87-c4be-45e9-b204-d035d94e9f66', 'b4fe01f5-59a7-11ed-90ec-0242ac130002', 29290000, 1, 'Quang Đạt',
        '2023-03-11 15:03:01', NULL, '2023-03-11 15:12:16', NULL, '2023-03-11 15:12:18', '2023-03-11 15:12:20', NULL,
        NULL, '0868389674', 'Cổng trường cấp 1, Xã Mai Đình, Huyện Hiệp Hòa, Tỉnh Bắc Giang', 0, 29290000,
        '20230311150301', 1),
       ('8d7b8028-bd27-4710-bd6b-9882f90aec8f', 'b4fe01f5-59a7-11ed-90ec-0242ac130002', 29290000, 4, 'Quang Đạt',
        '2023-03-11 15:00:13', NULL, NULL, NULL, NULL, NULL, NULL, NULL, '0868389674',
        'Cổng trường cấp 1, Xã Mai Đình, Huyện Hiệp Hòa, Tỉnh Bắc Giang', 0, 29290000, '20230311150012', NULL),
       ('9ceddcca-c453-478c-acb0-62203df7f437', '0c4320b0-a53a-4794-8fdd-4d035c164d35', 29758000, 1, 'Trần Văn Thịnh',
        '2023-03-11 22:44:37', NULL, '2023-03-11 22:44:52', NULL, '2023-03-11 22:44:53', '2023-03-11 22:44:54', NULL,
        NULL, '0975489782', 'Thôn Vũ Xuyên, Xã Yên Dương, Huyện Ý Yên, Tỉnh Nam Định', 0, 29758000, '20230311224436',
        NULL),
       ('9fd0c663-45e8-4255-85ae-ca70d125ad16', 'c7fb50a1-41fc-480e-add0-b585864bb10a', 29290000, 1,
        'Đinh Thị Hồng Hạnh', '2023-02-22 21:57:54', NULL, '2023-02-22 21:58:09', NULL, '2023-02-22 21:58:12',
        '2023-02-22 21:58:13', NULL, NULL, '0348154564', 'Thôn Nguyễn, Xã Mai Đình, Huyện Hiệp Hòa, Tỉnh Bắc Giang', 0,
        29290000, '20230222215754', 1),
       ('a1fa9b9c-aced-4a28-8b2a-b39dc2f0e763', '0c4320b0-a53a-4794-8fdd-4d035c164d35', 1591000, 1, 'Trần Văn Thịnh',
        '2023-02-22 20:30:53', NULL, '2023-02-22 20:33:22', NULL, '2023-02-22 20:33:24', '2023-02-22 20:33:25', NULL,
        NULL, '0975489782', 'Thôn Vũ Xuyên, Xã Yên Dương, Huyện Ý Yên, Tỉnh Nam Định', 0, 1591000, '20230222203053', 1),
       ('a65a43c7-c8c5-42e6-995a-4bb28329c189', 'b4fe01f5-59a7-11ed-90ec-0242ac130002', 18539000, 4, 'Quang Đạt',
        '2023-02-22 01:03:41', NULL, NULL, NULL, NULL, NULL, NULL, NULL, '0868389674',
        'Cổng trường cấp 1, Xã Mai Đình, Huyện Hiệp Hòa, Tỉnh Bắc Giang', 0, 18539000, '20230222010341', NULL),
       ('a8ad4685-34a8-4b97-9b73-e51944f70bbf', 'c7fb50a1-41fc-480e-add0-b585864bb10a', 23407000, 1,
        'Đinh Thị Hồng Hạnh', '2023-02-22 20:24:29', NULL, '2023-02-22 21:10:06', NULL, '2023-02-22 21:10:08',
        '2023-02-22 21:10:08', NULL, NULL, '0348154564', 'Thôn Nguyễn, Xã Mai Đình, Huyện Hiệp Hòa, Tỉnh Bắc Giang', 0,
        23407000, '20230222202428', 1),
       ('b4b2b17a-e2b1-4a45-9ceb-889960bdb47a', '0c4320b0-a53a-4794-8fdd-4d035c164d35', 1464000, 1, 'Trần Văn Thịnh',
        '2023-02-22 20:25:48', NULL, '2023-02-22 21:10:00', NULL, '2023-02-22 21:10:01', '2023-02-22 21:10:02', NULL,
        NULL, '0975489782', 'Thôn Vũ Xuyên, Xã Yên Dương, Huyện Ý Yên, Tỉnh Nam Định', 0, 1464000, '20230222202548', 1),
       ('b5783f68-e40b-487d-8dec-a8c4799c9ce0', 'c7fb50a1-41fc-480e-add0-b585864bb10a', 656000, 2, 'Đinh Thị Hồng Hạnh',
        '2023-03-04 21:52:07', NULL, '2023-03-11 16:29:20', NULL, NULL, NULL, NULL, NULL, '0348154564',
        'Thôn Nguyễn, Xã Mai Đình, Huyện Hiệp Hòa, Tỉnh Bắc Giang', 0, 656000, '20230304215207', NULL),
       ('b986217d-96a6-4539-b432-384528099828', 'b4fe01f5-59a7-11ed-90ec-0242ac130002', 2040000, 1, 'Quang Đạt',
        '2023-02-22 01:09:10', NULL, '2023-02-22 21:10:25', NULL, '2023-02-22 21:10:26', '2023-02-22 21:10:27', NULL,
        NULL, '0868389674', 'Cổng trường cấp 1, Xã Mai Đình, Huyện Hiệp Hòa, Tỉnh Bắc Giang', 0, 2040000,
        '20230222010910', NULL),
       ('b9a9f08d-a33c-47dc-ace3-70b7fc0ad86e', '0c4320b0-a53a-4794-8fdd-4d035c164d35', 60776000, 1, 'Trần Văn Thịnh',
        '2023-02-22 21:52:23', NULL, '2023-02-22 21:52:36', NULL, '2023-02-22 21:52:38', '2023-02-22 21:52:39', NULL,
        NULL, '0975489782', 'Thôn Vũ Xuyên, Xã Yên Dương, Huyện Ý Yên, Tỉnh Nam Định', 0, 60776000, '20230222215222',
        1),
       ('ddd65f2b-c2dc-4714-b60b-6764a80e909e', 'b4fe01f5-59a7-11ed-90ec-0242ac130002', 299000, 4, 'Quang Đạt',
        '2023-03-03 02:16:19', NULL, NULL, NULL, NULL, NULL, NULL, NULL, '0868389674',
        'Cổng trường cấp 1, Xã Mai Đình, Huyện Hiệp Hòa, Tỉnh Bắc Giang', 0, 299000, '20230303021619', NULL);

-- 
-- Dumping data for table product
--
INSERT INTO product
VALUES ('02fa5ebf-cf59-4099-906b-c051f16f7013', 'GiayVeA41',
        'Giấy in photo A4 IK Copy IK-01- ĐỊnh lượng 70 gsm- 500 tờ/ream- chất lượng cao', NULL,
        '<p>ông Số Kỹ Thuật:&nbsp;</p><p>Thương hiệu IK&nbsp;</p><p>Kích thước A4 Định lượng 70 gsm&nbsp;</p><p>Quy cách 500 tờ / ream&nbsp;</p><p>&nbsp;</p><p>Khuyến cáo Nhiệt độ: 10 ~ 55º C, Độ ẩm: 55 ~ 95% RH.</p><p>&nbsp;</p><p>? Shop cam kết các sản phẩm shop bán ra đã qua kiểm tra rất kỹ càng trước khi phân phối đến khách hàng.</p><p>&nbsp;</p><p>?Shop sẵn sàng hoàn tiền nếu sản phẩm không đảm bảo chất lượng, hoặc hàng không đúng mô tả.</p><p>&nbsp;</p><p>? sản phẩm được bảo hành 24 tháng nếu lỗi 1 đổi 1 mới trong suốt thời gian bảo hành</p><p>&nbsp;</p><p>? Sản phẩm bán ra là sản phẩm mới 100%</p><p>&nbsp;</p><p>? Cung cấp các sản phẩm theo đúng tiêu chuẩn với chất lượng tốt nhất</p><p>&nbsp;</p><p>? Giá cả cạnh tranh, phù hợp túi tiền của bạn</p><p>&nbsp;</p><p>? Shop chỉ cung cấp những sản phẩm có chất lượng tốt nhất tới tay khách hàng.</p>',
        '2023-02-22 17:37:51', 1, 7),
       ('049a8328-52fe-426c-93cc-d2eb60a25475', 'GiaDoDienThoai',
        'Giá đỡ điện thoại máy tính bảng gấp gọn livestream, học online, để bàn quay phim ghi hình đa năng', NULL,
        '<p>THÔNG TIN SẢN PHẨM:</p><p>&nbsp;- Xuất xứ: Trung quốc</p><p>&nbsp;- Chất liệu: Hợp kim nhôm, nhựa ABS và đệm silicon&nbsp;</p><p>&nbsp;Công nghệ bề mặt: chống oxy hóa</p><p>&nbsp;</p><p>? Shop cam kết các sản phẩm shop bán ra đã qua kiểm tra rất kỹ càng trước khi phân phối đến khách hàng.</p><p>&nbsp;</p><p>?Shop sẵn sàng hoàn tiền nếu sản phẩm không đảm bảo chất lượng, hoặc hàng không đúng mô tả.</p><p>&nbsp;</p><p>? sản phẩm được bảo hành 24 tháng nếu lỗi 1 đổi 1 mới trong suốt thời gian bảo hành</p><p>&nbsp;</p><p>? Sản phẩm bán ra là sản phẩm mới 100%</p><p>&nbsp;</p><p>? Cung cấp các sản phẩm theo đúng tiêu chuẩn với chất lượng tốt nhất</p><p>&nbsp;</p><p>? Giá cả cạnh tranh, phù hợp túi tiền của bạn</p><p>&nbsp;</p><p>? Shop chỉ cung cấp những sản phẩm có chất lượng tốt nhất tới tay khách hàng.</p>',
        '2023-02-22 19:53:04', 1, 7),
       ('058bd94f-72a9-4ec1-9800-86c209316669', 'DongHo', 'Đồng hồ nam Klein OTUS DEDON 2021 chính hãng', NULL,
        '<p>- Klein - Hãng chuyên về các model đồng hồ cơ lộ máy với một style rất riêng, trẻ trung và vô cùng nổi bật cùng khả năng thay dây cực thông minh đi cùng với bộ dây tuỳ biến đa phong cách, mix được với rất nhiều style đồ khiến Klein trở thành một trong những item rất thu hút sự quan tâm của giới trẻ đam mê thời trang trên khắp các châu lục.<br>- Với một chất lượng hoàn thiện cao cấp, đa năng và thời trang đi kèm với một mức giá cực kỳ hợp lý thì Klein xứng đáng là một item phải sở hữu của những bạn trẻ đam mê thời trang và thể hiện cá tính.</p><p>---------------<br>Thông số:&nbsp;<br>Mẫu: Klein Otus 2021<br>Máy: Klein Automatic 21,600bph với 13 chân kính chạy lộ máy cả hai mặt<br>Size: 42mm<br>Độ dày máy: 15mm<br>Dây: 23cm Silicon<br>Kính: Hardened Mineral Crystal</p><p>Bảo hành: 12 tháng<br>Sản phẩm bao gồm: x1 đồng hồ</p>',
        '2023-03-11 23:02:42', 1, 8),
       ('062e24bc-bce3-47fc-93a6-e494ac553475', 'TatChan',
        'Tất nữ Choobe cổ bèo cotton co giãn tốt chống hôi chân vintage thời trang Hàn Quốc set 5 đôi màu trắng nâu PK09',
        NULL,
        '<p>THÔNG TIN SẢN PHẨM TẤT NỮ</p><p>- Tất ngắn cổ nữ cao cấp cổ dài vinage với nhiều màu sắc trẻ trung, phong cách Hàn Quốc phù hợp với các bạn trẻ.</p><p>- Chất liệu tất cotton co giãn tốt, thấm hút mồ hôi. Màu sắc đa dạng. Thoải mái mix đồ.</p><p>- Thiết kế tất tinh tế cực kỳ đáng yêu, trẻ trung, năng động và đặc biệt rất thời trang</p><p>- Chun tất với công nghệ dệt kim tự động đảm bảo không bị nhão sau một thời gian sử dụng</p><p>- Chất liệu vải mềm, tất mỏng nhẹ thoáng, co giãn 4 chiều</p><p>- Mẫu này đi giày rồi mix váy quần đều xinh xắn</p><p>- Tất 4 mùa đều đi được mang lại cảm giác thoải mái</p><p>- Phù hợp cho các bạn chân đi giày size từ 35-41.</p><p>* Màu sắc vải sản phẩm có thể sẽ chênh lệch thực tế một phần nhỏ, do ảnh hưởng về độ lệch màu của ánh sáng nhưng vẫn đảm bảo chất lượng.</p><p>&nbsp;</p><p>&nbsp;</p>',
        '2023-02-22 18:32:51', 1, 7),
       ('096593be-2ce7-46da-b127-f365cfde5ea2', 'DenHoc1',
        'Đèn học tích điện, Tiger Life chống cận Có màn hình LCD hiển thị đa thông tin dung lượng khủng 3200Mh bảo vệ thị lực',
        NULL,
        '<p>Đèn học tích điện, Tiger Life chống cận Có màn hình LCD hiển thị đa thông tin dung lượng khủng 3200Mh bảo vệ thị lực</p><p>Đèn bàn học chống cận để bàn LED 3 chế độ Màu Trắng, (Trắng Vàng, vàng), máy tính, làm việc, màn hình LCD, tích hợp pin dung lượng cao sạc dùng khi mất điện, đi xa.</p><p>=&gt;&gt;Phân loại:</p><p>--- 2 Led pin 3200Mah là đèn có 2 led có pin tích điện 3200mah + dây sạc usb</p><p>--- 2 Led Pin 3200+sạc là đèn có 2 led có pin tích điện 3200mah + dây sạc usb + củ sạc</p><p>&nbsp;</p><p>&nbsp;</p><p>--- 2 Led Gim điện Usb là đèn có 2 led không tích điện được phải cắm điện trực tiếp để dùng có kèm dây nguồn dài 1,2m</p><p>&nbsp;</p><p>&nbsp;</p><p>--- 2 Led Gim điện Usb là đèn có 2 led không tích điện được phải cắm điện trực tiếp để dùng có kèm dây nguồn và củ sạc.</p><p>&nbsp;</p><p>&nbsp;</p><p>--- 1 Led Gim điện usb đèn 1 led có dây nguồn usb đi kèm ko sử dụng của sạc điện thoại</p><p>&nbsp;</p><p>&nbsp;</p><p>--- Trụ 1400lux Gim usb đèn và dây nguồn usb</p><p>&nbsp;</p><p>&nbsp;</p><p>--- Trụ 1400lux Pin4000 đèn có pin tích điện 4000 và dây nguồn usb</p><p>&nbsp;</p><p><br>&nbsp;</p>',
        '2023-02-22 17:52:53', 1, 6),
       ('1475c619-f651-4db8-876e-b449d8cc4d05', 'AoTrang12',
        'Áo Sơ Mi Trắng Tay Lỡ Thun Kiểu Form Rộng Học Sinh Cá TÍnh Ulzzang_VIETSTAR', NULL,
        '<p>Chào mừng bạn đến với Vietstar Fashionista.</p><p>Thương hiệu thời trang Teen Unisex được yêu thích&nbsp;</p><p>&nbsp;</p><p>&nbsp;</p><p>? Shop cam kết các sản phẩm shop bán ra đã qua kiểm tra rất kỹ càng trước khi phân phối đến khách hàng.</p><p>&nbsp;</p><p>?Shop sẵn sàng hoàn tiền nếu sản phẩm không đảm bảo chất lượng, hoặc hàng không đúng mô tả.</p><p>&nbsp;</p><p>? sản phẩm được bảo hành 24 tháng nếu lỗi 1 đổi 1 mới trong suốt thời gian bảo hành</p><p>&nbsp;</p><p>? Sản phẩm bán ra là sản phẩm mới 100%</p><p>&nbsp;</p><p>? Cung cấp các sản phẩm theo đúng tiêu chuẩn với chất lượng tốt nhất</p><p>&nbsp;</p><p>? Giá cả cạnh tranh, phù hợp túi tiền của bạn</p><p>&nbsp;</p><p>? Shop chỉ cung cấp những sản phẩm có chất lượng tốt nhất tới tay khách hàng.</p>',
        '2023-02-22 13:42:34', 1, 1),
       ('17208552-becb-43c4-b484-2f3cc4266dbc', 'IP13', 'Apple iPhone 13 128GB', NULL,
        '<p>iPhone 13</p><p>Hệ thống camera kép tiên tiến nhất từng có trên iPhone. Chip A15 Bionic thần tốc. Bước nhảy vọt về</p><p>thời lượng pin. Thiết kế bền bỉ. Mạng 5G siêu nhanh.1 Cùng với màn hình Super Retina XDR sáng hơn.</p><p>&nbsp;</p><p>Tính năng nổi bật</p><p>• Màn hình Super Retina XDR 6.1 inch2</p><p>• Chế độ Điện Ảnh làm tăng thêm độ sâu trường ảnh nông và tự động thay đổi tiêu cự trong video</p><p>• Hệ thống camera kép tiên tiến với camera Wide và Ultra Wide 12MP; Phong Cách Nhiếp Ảnh, HDR thông</p><p>minh thế hệ 4, chế độ Ban Đêm, khả năng quay video HDR Dolby Vision 4K</p><p>• Camera trước TrueDepth 12MP với chế độ Ban Đêm và khả năng quay video HDR Dolby Vision 4K</p><p>• Chip A15 Bionic cho hiệu năng thần tốc</p><p>• Thời gian xem video lên đến 19 giờ3</p><p>• Thiết kế bền bỉ với Ceramic Shield</p><p>• Khả năng chống nước đạt chuẩn IP68 đứng đầu thị trường4</p><p>• Mạng 5G cho tốc độ tải xuống siêu nhanh, xem video và nghe nhạc trực tuyến chất lượng cao1</p><p>• iOS 15 tích hợp nhiều tính năng mới cho phép bạn làm được nhiều việc hơn bao giờ hết với iPhone5</p><p>&nbsp;</p><p>Bộ sản phẩm bao gồm</p><p>1. Điện thoại</p><p>2. Dây sạc</p>',
        '2023-02-22 13:42:34', 1, 4),
       ('19885a3a-b784-4167-96d6-340edef8ef39', 'DayLung',
        'Thắt Lưng Nam Khóa Tự Động Chống Rỉ Da Mềm Cao Cấp VICENZO, Dây Thắt Lưng Nam Có Bảo Hành Cam Kết Lỗi 1 Đổi 1',
        NULL,
        '<p>- Chất liệu: Khóa Hợp Kim, Dây Da Răng Cửa Khâu Viền</p><p>- Màu Sắc: Dây Đen, Mặt nhiều mã</p><p>- Thiết kế: Mặt khóa hợp kim chống rỉ sang trạng, dây da mềm dễ thay đổi chiều dài phù hợp với kích thước bụng.</p><p>- Kích thước: Dây rộng 3,5cm dài 125 cm</p><p>- Tên Mã Thắt Lưng:</p><p>&nbsp;</p><p>? Shop cam kết các sản phẩm shop bán ra đã qua kiểm tra rất kỹ càng trước khi phân phối đến khách hàng.</p><p>&nbsp;</p><p>?Shop sẵn sàng hoàn tiền nếu sản phẩm không đảm bảo chất lượng, hoặc hàng không đúng mô tả.</p><p>&nbsp;</p><p>? sản phẩm được bảo hành 24 tháng nếu lỗi 1 đổi 1 mới trong suốt thời gian bảo hành</p><p>&nbsp;</p><p>? Sản phẩm bán ra là sản phẩm mới 100%</p><p>&nbsp;</p><p>? Cung cấp các sản phẩm theo đúng tiêu chuẩn với chất lượng tốt nhất</p><p>&nbsp;</p><p>? Giá cả cạnh tranh, phù hợp túi tiền của bạn</p><p>&nbsp;</p><p>? Shop chỉ cung cấp những sản phẩm có chất lượng tốt nhất tới tay khách hàng.</p>',
        '2023-02-22 18:31:27', 1, 8),
       ('28b85067-c549-416b-90f5-6f7998f1e17c', 'IP14', 'Apple iPhone 14 Pro Max 128GB', NULL,
        '<p>Bộ sản phẩm gồm: điện thoại+ cáp sạc</p><p>&nbsp;</p><p>iPhone 14 Pro Max. Pro. Vượt trội.</p><p>iPhone 14 Pro Max. Bắt trọn chi tiết ấn tượng với Camera Chính 48MP. Trải nghiệm iPhone theo cách hoàn toàn mới với Dynamic Island và màn hình Luôn Bật. Công nghệ an toàn quan trọng – Phát Hiện Va Chạm&nbsp;&nbsp;thay bạn gọi trợ giúp khi cần kíp</p><p>&nbsp;</p><p>Tính năng nổi bật</p><p>Màn hình Super Retina XDR 6,7 inch2&nbsp;với tính năng Luôn Bật và ProMotion</p><p>Dynamic Island, một cách mới tuyệt diệu để tương tác với iPhone</p><p>Camera Chính 48MP cho độ phân giải gấp 4 lần</p><p>Chế độ Điện Ảnh nay đã hỗ trợ 4K Dolby Vision tốc độ lên đến 30 fps</p><p>Chế độ Hành Động để quay video cầm tay mượt mà, ổn định</p><p>Công nghệ an toàn quan trọng – Phát Hiện Va Chạm1&nbsp;thay bạn gọi trợ giúp khi cần kíp</p><p>Thời lượng pin cả ngày và thời gian xem video lên đến 29 giờ3</p><p>A16 Bionic, chip điện thoại thông minh tuyệt đỉnh. Mạng di động 5G siêu nhanh4</p><p>Các tính năng về độ bền dẫn đầu như Ceramic Shield và khả năng chống nước5</p><p>iOS 16 đem đến thêm nhiều cách để cá nhân hóa, giao tiếp và chia sẻ6</p>',
        '2023-02-22 13:42:34', 1, 10),
       ('3afc4668-7518-43f7-b62f-04ad4cdcde24', 'AoSoMi',
        'Áo sơ mi nam POLYS Fullbox, Vải Lụa co giãn 4 chiều, mềm mịn, thoáng khí. Áo sơ mi tay ngắn họa tiết BLACK STRIPE',
        NULL,
        '<p>⚜️ Áo Sơ Mi Họa Tiết BLACK STRIPE</p><p>- Được thiết kế bởi Team POLYS.</p><p>- Chất liệu: Vải Lụa cao cấp không nhăn, co giãn 4 chiều, mặt vải mịn mát và thấm hút tốt. Giúp người mặc thoáng mát, không gò bó hay hầm bí. Cam kết không ra màu không nhàu vải, giữ bền form áo.</p><p>- Dáng áo suông vừa, lên form thoải mái nhưng vẫn vừa vặn với người mặc.</p><p>- Thiết kế, trẻ trung, dễ dàng kết hợp cùng quần Jeans, Kaki hoặc Short. Đi tiệc, du lịch hay dạo phố cùng bạn bè đều phù hợp.</p><p>&nbsp;</p><p>? Shop cam kết các sản phẩm shop bán ra đã qua kiểm tra rất kỹ càng trước khi phân phối đến khách hàng.</p><p>&nbsp;</p><p>?Shop sẵn sàng hoàn tiền nếu sản phẩm không đảm bảo chất lượng, hoặc hàng không đúng mô tả.</p><p>&nbsp;</p><p>? sản phẩm được bảo hành 24 tháng nếu lỗi 1 đổi 1 mới trong suốt thời gian bảo hành</p><p>&nbsp;</p><p>? Sản phẩm bán ra là sản phẩm mới 100%</p><p>&nbsp;</p><p>? Cung cấp các sản phẩm theo đúng tiêu chuẩn với chất lượng tốt nhất</p><p>&nbsp;</p><p>? Giá cả cạnh tranh, phù hợp túi tiền của bạn</p><p>&nbsp;</p><p>? Shop chỉ cung cấp những sản phẩm có chất lượng tốt nhất tới tay khách hàng.</p>',
        '2023-02-22 19:24:50', 1, 6),
       ('3b00a746-f0b0-4bb3-a575-94837f03e49a', 'ApplePencil1',
        'Bút cảm ứng màn hình DLLENCASE A060 thích hợp cho iPad Apple Pencil 1 2 máy tính bảng IOS Android', NULL,
        '<p>Thời gian giao hàng dự kiến cho sản phẩm này là từ 7-9 ngày</p><p>&nbsp;</p><p>Chào mừng bạn đến với cửa hàng phụ kiện chính hãng DLLENCASE.</p><p>&nbsp;</p><p>✅ DLLENCASE là thương hiệu tập trung vào việc cung cấp sản phẩm 3C tùy chỉnh và chất lượng cao cho mọi người.</p><p>&nbsp;</p><p>✅ Tất cả các sản phẩm đều có hàng sẵn trong kho.</p><p>&nbsp;</p><p>✅ Giao hàng nhanh chóng.</p><p>&nbsp;</p><p>✅ Hãy liên hệ với dịch vụ chăm sóc khách hàng của chúng tôi nếu bạn có bất kỳ câu hỏi nào.</p><p>&nbsp;</p><p>✅ Giao hàng từ Trung Quốc, chúng tôi sẽ giao hàng sớm cho bạn.</p><p>✅Thích hợp cho model:</p><p>iPad Pro 12.9/ 11/ 10.5/ 9.7(2018/ 2017/ 2016/ 2015)</p><p>iPad 1/ 2/ 3/ 4/ 5/ 6</p><p>iPad Mini 1/ 2/ 3/ 4/ 5</p><p>iPad Air 1/ 2/ 3/ 4</p><p>iPhone XS/ XS Max/ XR/ X/ 8/ 8 Plus</p><p>iPhone 7/ 7 Plus/ 6s/ 6s Plus</p><p>Samsung Galaxy S9/ S8/ S7/ Tab</p><p>Xiaomi Mi 11/ Redmi Note 8 Pro/ 9 Pro/ 10/ 10 Pro</p><p>Huawei/ HTC/ Google/ LG và nhiều hơn nữa.</p><p>&nbsp;</p><p>✅Chức năng bút cảm ứng nâng cấp mới</p><p>- Mượt mà không có độ trễ</p><p>- Một nút để chuyển đổi</p><p>- iOS / Android phổ biến</p><p>- Pin tốt</p><p>- Đầu nhạy và chính xác</p><p>- Chức năng ngủ tự động</p><p>- Sạc micro-USB</p><p>&nbsp;</p><p>✅ Chi tiết sản phẩm của bút cảm ứng thế hệ thứ 3</p><p>&nbsp;</p><p>Thời gian sạc: 100-120 phút</p><p>Thời gian chờ: 12 giờ</p><p>Tiết kiệm điện thông minh: Tự động tắt nguồn sau 5 phút chờ</p><p>Cổng sạc: Type-C</p><p>Chất liệu đầu bút: POM</p><p>Chất liệu thân bút: Hợp kim nhôm</p><p>Chiều dài bút: 164mm</p><p>Nguồn điện: Nút nguồn cảm ứng</p><p>Thích hợp cho thiết bị: Điện thoại / Máy tính bảng iOS / Android</p><p>Gói hàng bao gồm:</p><p>1 x Bút cảm ứng</p><p>1 x Cáp sạc USB-C</p><p>1 x Hộp bán lẻ</p><p>1 x Găng tay</p><p>1 × Hộp đựng bút</p><p><br>&nbsp;</p>',
        '2023-02-22 19:49:11', 1, 1),
       ('3bf57cc4-21b1-4b54-9781-3ea041ff60d2', 'Balo1',
        'Balo nam nữ đi học Ohazo! hình mắt phát sáng - Tặng kèm Cáp Sạc USB', NULL,
        '<p><br>HD sử dụng: 1. Không để balo bị ẩm ướt, giặt lau khô khi bị bẩn 2. Hướng dẫn phát sáng: Balo có sơn dạ quang phát sáng ban ngày hình màu trắng đêm nếu được hấp thụ ánh sáng đèn điện hoặc oto cường độ đủ mạnh trong ít nhất 30 phút, khi vào bóng tối sẽ phát sáng xanh giúp bạn nổi bật và an toàn khi trời tối đi ngoài đường.&nbsp;</p><p>&nbsp;</p><p>? Shop cam kết các sản phẩm shop bán ra đã qua kiểm tra rất kỹ càng trước khi phân phối đến khách hàng.</p><p>&nbsp;</p><p>?Shop sẵn sàng hoàn tiền nếu sản phẩm không đảm bảo chất lượng, hoặc hàng không đúng mô tả.</p><p>&nbsp;</p><p>? sản phẩm được bảo hành 24 tháng nếu lỗi 1 đổi 1 mới trong suốt thời gian bảo hành</p><p>&nbsp;</p><p>? Sản phẩm bán ra là sản phẩm mới 100%</p><p>&nbsp;</p><p>? Cung cấp các sản phẩm theo đúng tiêu chuẩn với chất lượng tốt nhất</p><p>&nbsp;</p><p>? Giá cả cạnh tranh, phù hợp túi tiền của bạn</p><p>&nbsp;</p><p>? Shop chỉ cung cấp những sản phẩm có chất lượng tốt nhất tới tay khách hàng.</p>',
        '2023-02-22 17:57:41', 1, 7),
       ('3bffc12c-4214-470b-9503-5739c2f161d3', 'TuiMacBook',
        'Cặp Xách MACBOOK Chống Sốc Chống Thấm Nước Vải Oxford Nhập Khẩu Cao Cấp Thương Hiệu DOLANTO', NULL, '',
        '2023-02-22 19:39:31', 1, 1),
       ('3c8708e2-298b-4b00-baec-f973ef960d61', 'polo1',
        'Áo thun Polo GẤU 194 Trơn Unisex vải cá sấu Poly co dãn 4 chiều dày dặn form gerular fit - PL Viền Ca Cao',
        NULL,
        '<p>- Thiết kế thời trang phù hợp xu hướng hiện nay</p><p>- Đường may tinh tế sắc sảo</p><p>- Sản phẩm có mức giá trung bình, chất liệu đường may và các chi tiết được thiết kế và may tỉ mỉ.</p><p>- Áo được thiết kế đẹp với đội ngũ design dày dặn kinh nghiệm, chuẩn form, vải dày, mịn, thấm hút mồ hôi tạo sự thoải mái khi mặc!</p><p>- Sản phẩm được gia công bởi những thợ may lành nghề, máy móc công nghệ hiện đại, sản phẩm đã được đông đảo khách hàng tin dùng.</p><p>- Những Sản phẩm được gấp hộp cẩn thận nên Có thể mặc hoặc làm quà tặng.</p><p>&nbsp;</p><p>? Shop cam kết các sản phẩm shop bán ra đã qua kiểm tra rất kỹ càng trước khi phân phối đến khách hàng.</p><p>&nbsp;</p><p>?Shop sẵn sàng hoàn tiền nếu sản phẩm không đảm bảo chất lượng, hoặc hàng không đúng mô tả.</p><p>&nbsp;</p><p>? sản phẩm được bảo hành 24 tháng nếu lỗi 1 đổi 1 mới trong suốt thời gian bảo hành</p><p>&nbsp;</p><p>? Sản phẩm bán ra là sản phẩm mới 100%</p><p>&nbsp;</p><p>? Cung cấp các sản phẩm theo đúng tiêu chuẩn với chất lượng tốt nhất</p><p>&nbsp;</p><p>? Giá cả cạnh tranh, phù hợp túi tiền của bạn</p><p>&nbsp;</p><p>? Shop chỉ cung cấp những sản phẩm có chất lượng tốt nhất tới tay khách hàng.</p>',
        '2023-02-22 18:34:18', 1, 7),
       ('4307dd24-3805-4187-89d7-18ecfc4d4db2', 'OP1', 'ESR Ốp Điện Thoại Kiểu Quân Đội Chống Trầy Xước Cho iPhone 14',
        NULL,
        '<p>? Shop cam kết các sản phẩm shop bán ra đã qua kiểm tra rất kỹ càng trước khi phân phối đến khách hàng.</p><p>&nbsp;</p><p>?Shop sẵn sàng hoàn tiền nếu sản phẩm không đảm bảo chất lượng, hoặc hàng không đúng mô tả.</p><p>&nbsp;</p><p>? sản phẩm được bảo hành 24 tháng nếu lỗi 1 đổi 1 mới trong suốt thời gian bảo hành</p><p>&nbsp;</p><p>? Sản phẩm bán ra là sản phẩm mới 100%</p><p>&nbsp;</p><p>? Cung cấp các sản phẩm theo đúng tiêu chuẩn với chất lượng tốt nhất</p><p>&nbsp;</p><p>? Giá cả cạnh tranh, phù hợp túi tiền của bạn</p><p>&nbsp;</p><p>? Shop chỉ cung cấp những sản phẩm có chất lượng tốt nhất tới tay khách hàng.</p>',
        '2023-02-22 13:42:34', 1, 1),
       ('45486d2a-fcd7-42c1-bb43-eb1fa67431b7', 'Kaki1',
        'Quần Baggy Kaki unisex N7 Basic nam nữ cạp chun ống rộng phong cách Hàn Quốc ulzzang', NULL,
        '<p>Quần Baggy Kaki unisex N7 Basic nam nữ cạp chun ống rộng phong cách Hàn Quốc ulzzang:</p><p>- Vải Kaki 13% cotton, 87% PE. Sẽ bị xù sau một thời gian sử dụng, vui lòng cân nhắc trước khi mua.</p><p>- Hàng có sẵn, giao hàng ngay khi nhận được đơn đặt hàng .</p><p>- Hoàn tiền 100% nếu sản phẩm lỗi, nhầm hoặc không giống với mô tả.</p><p>- Chấp nhận đổi hàng khi size không vừa (vui lòng nhắn tin riêng cho shop).</p><p>&nbsp;</p><p>- Thông số chọn size:</p><p>Size M: 1m55-1m65 (50-60kg)&nbsp;</p><p>Size L: 1m60-1m70 (55-65kg)&nbsp;</p><p>Size XL: 1m65- 1m75 (60-70kg)&nbsp;</p><p>Size 2XL: 1m70- 1m80 (65-75kg)</p><p>&nbsp;</p><p>? Shop cam kết các sản phẩm shop bán ra đã qua kiểm tra rất kỹ càng trước khi phân phối đến khách hàng.</p><p>&nbsp;</p><p>?Shop sẵn sàng hoàn tiền nếu sản phẩm không đảm bảo chất lượng, hoặc hàng không đúng mô tả.</p><p>&nbsp;</p><p>? sản phẩm được bảo hành 24 tháng nếu lỗi 1 đổi 1 mới trong suốt thời gian bảo hành</p><p>&nbsp;</p><p>? Sản phẩm bán ra là sản phẩm mới 100%</p><p>&nbsp;</p><p>? Cung cấp các sản phẩm theo đúng tiêu chuẩn với chất lượng tốt nhất</p><p>&nbsp;</p><p>? Giá cả cạnh tranh, phù hợp túi tiền của bạn</p><p>&nbsp;</p><p>? Shop chỉ cung cấp những sản phẩm có chất lượng tốt nhất tới tay khách hàng.</p>',
        '2023-02-22 18:00:17', 1, 7),
       ('4dc1b786-e93a-4298-a1ce-c23b8c6bc903', 'KhanChoang1', 'Khăn choàng hoạt tiết ô cờ MG STUDIO', NULL,
        '<p>Kích thước: M Chất liệu: Cotton Nơi sản xuất: Trung Quốc</p><p>&nbsp;</p><p>? Shop cam kết các sản phẩm shop bán ra đã qua kiểm tra rất kỹ càng trước khi phân phối đến khách hàng.</p><p>&nbsp;</p><p>?Shop sẵn sàng hoàn tiền nếu sản phẩm không đảm bảo chất lượng, hoặc hàng không đúng mô tả.</p><p>&nbsp;</p><p>? sản phẩm được bảo hành 24 tháng nếu lỗi 1 đổi 1 mới trong suốt thời gian bảo hành</p><p>&nbsp;</p><p>? Sản phẩm bán ra là sản phẩm mới 100%</p><p>&nbsp;</p><p>? Cung cấp các sản phẩm theo đúng tiêu chuẩn với chất lượng tốt nhất</p><p>&nbsp;</p><p>? Giá cả cạnh tranh, phù hợp túi tiền của bạn</p><p>&nbsp;</p><p>? Shop chỉ cung cấp những sản phẩm có chất lượng tốt nhất tới tay khách hàng.</p>',
        '2023-02-22 18:24:15', 1, 6),
       ('5059f3b6-0880-4818-820b-1186795290d2', 'QuanAu1',
        'Quần âu nam hàn quốc dáng baggy suông đen, kem chất vải dày dặn co giãn tốt thương hiệu Gman', NULL,
        '<p>CÁCH CHỌN SIZE:</p><p>(Size quần âu baggy nam phụ thuộc vào chiều cao cân nặng và các yếu tố khác như vòng bụng,đùi, hông, bắp chân,... Do đó quý khách còn phân vân xin vui lòng nhắn tin trực tiếp để được hỗ trợ tốt nhất)</p><p>? Size 28 : Cân nặng 41-51kg, chiều cao dưới 160cm / Chiều dài quần 92cm, ống côn 17.5cm.</p><p>? Size 29 : Cân nặng 51-57kg, chiều cao dưới 170cm / Chiều dài quần 94cm, ống côn 18cm.</p><p>? Size 30 : Cân nặng 57-62kg, chiều cao dưới 175cm / Chiều dài quần 96cm, ống côn 18cm.</p><p>? Size 31 : Cân nặng 62-65kg, chiều cao dưới 175cm / Chiều dài quần 96.5cm, ống côn 18cm.</p><p>? Size 32 : Cân nặng 65-70kg, chiều cao dưới 176cm / Chiều dài quần 99cm, ống côn 18.5cm.</p><p>? Size 33 : Cân nặng 71-75kg, chiều cao dưới 180cm / Chiều dài quần 99cm, ống côn 19cm.</p><p>? Size 34 : Cân nặng 76-84kg, chiều cao dưới 185cm / Chiều dài quần 100cm, ống côn 19.5cm.</p><p>&nbsp;</p><p>---------------------------------------------------------------------------------</p><p>&nbsp;</p><p>? Loại: Quần baggy âu nam</p><p>? Kết hợp: Áo phông, sơ mi, vest</p><p>? Kiểu Dáng : Đi chơi, đi học, hẹn hò, công sở</p><p>? Chất Liệu : Vải tăm lì cao cấp chống nhăn tuyệt đối</p><p>? Thích Hợp : 4 Mùa</p><p>? Màu sắc: ĐEN --- KEM SỮA --- XÁM ĐẬM --- XANH THAN</p><p>&nbsp;</p><p>---------------------------------------------------------------------------------</p><p>THÔNG TIN SẢN PHẨM</p><p>? Form dáng đơn giản, không quá kén dáng người mặc là một trong những yếu tố giúp bộ trang phục này luôn hợp thời trang với phong cách hiện đại.</p><p>? Thời trang với màu sắc thanh lịch cùng chất liệu cao cấp là một gợi ý hoàn hảo cho các quý khách theo đuổi vẻ đẹp lịch sự, tinh tế.</p><p>? Chất liệu vải co giãn nhẹ giúp thoải mái trong mọi hoạt động, vải mềm mịn, không nhăn, không bai màu, ít xù lông, ít bám bụi, giữ dáng không bai.</p><p>? Thiết kế đơn giản nhưng luôn tạo được ấn tượng đặc biệt đối với người nhìn.</p><p>? Chất liệu vải may đẹp, cao cấp, đường may tỉ mỉ, chắc chắn.</p>',
        '2023-02-22 13:42:34', 1, 1),
       ('5c633c1f-0737-438d-a003-ce8e41167d34', 'AoKhoacGio',
        'Áo khoác gió đôi nam nữ 2 lớp chất liệu dù cao cấp unisex form rộng đi mưa,cản gió,chống nắng Dwin', NULL,
        '<p>- Chất liệu: Vải gió dù</p><p>- Form: Cơ bản- Đem lại sự thoải mái tiện lợi nhất cho người mặc đi mưa,cản gió,chống nắng</p><p>- áo khoác gió Dwin được thiết kế theo đúng form chuẩn của nam giới Việt Nam</p><p>&nbsp;</p><p>? Shop cam kết các sản phẩm shop bán ra đã qua kiểm tra rất kỹ càng trước khi phân phối đến khách hàng.</p><p>&nbsp;</p><p>?Shop sẵn sàng hoàn tiền nếu sản phẩm không đảm bảo chất lượng, hoặc hàng không đúng mô tả.</p><p>&nbsp;</p><p>? sản phẩm được bảo hành 24 tháng nếu lỗi 1 đổi 1 mới trong suốt thời gian bảo hành</p><p>&nbsp;</p><p>? Sản phẩm bán ra là sản phẩm mới 100%</p><p>&nbsp;</p><p>? Cung cấp các sản phẩm theo đúng tiêu chuẩn với chất lượng tốt nhất</p><p>&nbsp;</p><p>? Giá cả cạnh tranh, phù hợp túi tiền của bạn</p><p>&nbsp;</p><p>? Shop chỉ cung cấp những sản phẩm có chất lượng tốt nhất tới tay khách hàng.</p>',
        '2023-02-22 18:19:29', 1, 6),
       ('5f669ede-5121-459d-bbbe-2a66f7d4a078', 'AoLen',
        'Áo len nam cao cổ SUKIYA chất dày dặn phong cách hàn quốc mới nhất 2020 AL11', NULL,
        '<p>• Áo len nam Sukiya thách thức mọi thời tiết lạnh giá</p><p>Với thời tiết Lạnh Giá mà mặc áo len cao cổ thì rất ấm áp và cực kỳ sang trọng và thoải mái, chất len mềm mịn, mặc đi làm hay đi chơi, đi làm văn phòng đều đẹp!!!</p><p>&nbsp;</p><p>? Shop cam kết các sản phẩm shop bán ra đã qua kiểm tra rất kỹ càng trước khi phân phối đến khách hàng.</p><p>&nbsp;</p><p>?Shop sẵn sàng hoàn tiền nếu sản phẩm không đảm bảo chất lượng, hoặc hàng không đúng mô tả.</p><p>&nbsp;</p><p>? sản phẩm được bảo hành 24 tháng nếu lỗi 1 đổi 1 mới trong suốt thời gian bảo hành</p><p>&nbsp;</p><p>? Sản phẩm bán ra là sản phẩm mới 100%</p><p>&nbsp;</p><p>? Cung cấp các sản phẩm theo đúng tiêu chuẩn với chất lượng tốt nhất</p><p>&nbsp;</p><p>? Giá cả cạnh tranh, phù hợp túi tiền của bạn</p><p>&nbsp;</p><p>? Shop chỉ cung cấp những sản phẩm có chất lượng tốt nhất tới tay khách hàng.</p>',
        '2023-02-22 18:22:50', 1, 5),
       ('61735339-55e3-4293-976e-c4bac0cda290', 'SacIpad1',
        'Bộ sạc Baseus Super Si sạc nhanh 3A/PD 20W nhỏ gọn tiện lợi, dành cho iPhone/iPad (kèm cáp Type-C to Lightning) Đen',
        NULL,
        '<p>? Shop cam kết các sản phẩm shop bán ra đã qua kiểm tra rất kỹ càng trước khi phân phối đến khách hàng.</p><p>&nbsp;</p><p>?Shop sẵn sàng hoàn tiền nếu sản phẩm không đảm bảo chất lượng, hoặc hàng không đúng mô tả.</p><p>&nbsp;</p><p>? sản phẩm được bảo hành 24 tháng nếu lỗi 1 đổi 1 mới trong suốt thời gian bảo hành</p><p>&nbsp;</p><p>? Sản phẩm bán ra là sản phẩm mới 100%</p><p>&nbsp;</p><p>? Cung cấp các sản phẩm theo đúng tiêu chuẩn với chất lượng tốt nhất</p><p>&nbsp;</p><p>? Giá cả cạnh tranh, phù hợp túi tiền của bạn</p><p>&nbsp;</p><p>? Shop chỉ cung cấp những sản phẩm có chất lượng tốt nhất tới tay khách hàng.</p>',
        '2023-02-22 19:47:21', 1, 8),
       ('61f4376f-2fcc-4941-a988-c23b8c505c48', 'BanPhim1',
        'Bàn phím máy tính cơ MAGEGEE MK-Box 65% có dây 68 phím tiện lợi', NULL,
        '<p>Thời gian giao hàng dự kiến cho sản phẩm này là từ 7-9 ngày</p><p>&nbsp;</p><p>Tình trạng sản phẩm: Sản phẩm mới</p><p>&nbsp;</p><p>Loại sản phẩm: Bàn phím máy tính cơ có dây</p><p>&nbsp;</p><p>Tiêu chuẩn bàn phím: Bàn phím 68 phím</p><p>&nbsp;</p><p>Loại giao diện: USB</p><p>&nbsp;</p><p>Chiều dài dây cáp: 1.8m</p><p>&nbsp;</p><p>Kích thước: 308 * 101 * 35mm</p><p>&nbsp;</p><p>Khối lượng: 0.56KGa</p><p><br>&nbsp;</p><p>? Shop cam kết các sản phẩm shop bán ra đã qua kiểm tra rất kỹ càng trước khi phân phối đến khách hàng.</p><p>&nbsp;</p><p>?Shop sẵn sàng hoàn tiền nếu sản phẩm không đảm bảo chất lượng, hoặc hàng không đúng mô tả.</p><p>&nbsp;</p><p>? sản phẩm được bảo hành 24 tháng nếu lỗi 1 đổi 1 mới trong suốt thời gian bảo hành</p><p>&nbsp;</p><p>? Sản phẩm bán ra là sản phẩm mới 100%</p><p>&nbsp;</p><p>? Cung cấp các sản phẩm theo đúng tiêu chuẩn với chất lượng tốt nhất</p><p>&nbsp;</p><p>? Giá cả cạnh tranh, phù hợp túi tiền của bạn</p><p>&nbsp;</p><p>? Shop chỉ cung cấp những sản phẩm có chất lượng tốt nhất tới tay khách hàng.</p>',
        '2023-02-22 19:38:14', 1, 4),
       ('6bb9f6a6-27b1-4283-8925-e7ef284dd6af', 'IP14PLUS', 'Apple iPhone 14 Plus 256 GB', NULL,
        '<p>iPhone 14 Plus. Nghĩ lớn cùng màn hình 6,7 inch lớn hơn1 và thời lượng pin bền bỉ cả ngày.2 Chụp những bức ảnh tuyệt đẹp trong điều kiện thiếu sáng và dư sáng cùng hệ thống camera kép mới. Phát Hiện Va Chạm,3 một tính năng an toàn mới, thay bạn gọi trợ giúp khi cần kíp.&nbsp;</p><p>• Màn hình Super Retina XDR 6,7 inch1&nbsp;</p><p>• Hệ thống camera tiên tiến cho chất lượng ảnh đẹp hơn trong mọi điều kiện ánh sáng&nbsp;</p><p>• Chế độ Điện Ảnh nay đã hỗ trợ 4K Dolby Vision tốc độ lên đến 30 fps&nbsp;</p><p>• Chế độ Hành Động để quay video cầm tay mượt mà, ổn định&nbsp;</p><p>• Công nghệ an toàn quan trọng</p><p>&nbsp;- Phát Hiện Va Chạm3 thay bạn gọi trợ giúp khi cần kíp.&nbsp;</p><p>• Thời lượng pin cả ngày và thời gian xem video lên đến 26 giờ2&nbsp;</p><p>• Chip A15 Bionic với GPU 5 lõi để đạt hiệu suất siêu nhanh. Mạng di động 5G siêu nhanh4 • Các tính năng về độ bền dẫn đầu như Ceramic Shield và khả năng chống nước5&nbsp;</p><p>• iOS 16 đem đến thêm nhiều cách để cá nhân hóa, giao tiếp và chia sẻ6_x000B_</p>',
        '2023-02-22 13:42:34', 1, 7),
       ('70d9667e-cdac-4719-b298-81eb175cdd72', 'TuiDungBut1',
        'Hộp Bút Đựng Viết Mini Nam Nữ Siêu Bền Đẹp local brand M Studio', NULL,
        '<p>- Có 1 ngăn, có 1 ngăn nhỏ</p><p>- Bên trong có lót</p><p>-Dây kéo và đầu kéo YKK</p><p>&nbsp;</p><p>? Shop cam kết các sản phẩm shop bán ra đã qua kiểm tra rất kỹ càng trước khi phân phối đến khách hàng.</p><p>&nbsp;</p><p>?Shop sẵn sàng hoàn tiền nếu sản phẩm không đảm bảo chất lượng, hoặc hàng không đúng mô tả.</p><p>&nbsp;</p><p>? sản phẩm được bảo hành 24 tháng nếu lỗi 1 đổi 1 mới trong suốt thời gian bảo hành</p><p>&nbsp;</p><p>? Sản phẩm bán ra là sản phẩm mới 100%</p><p>&nbsp;</p><p>? Cung cấp các sản phẩm theo đúng tiêu chuẩn với chất lượng tốt nhất</p><p>&nbsp;</p><p>? Giá cả cạnh tranh, phù hợp túi tiền của bạn</p><p>&nbsp;</p><p>? Shop chỉ cung cấp những sản phẩm có chất lượng tốt nhất tới tay khách hàng.</p>',
        '2023-02-22 17:51:22', 1, 8),
       ('74580a80-bba8-4dae-9f4f-ee2680a7131d', 'MangTo1',
        'Áo măng tô nam trung niên vải dạ lông cừu nhập khẩu hàn quốc vest việt tiến thành', NULL,
        '<p>Được Sản Xuất Trực Tiếp Và Phân Phối đến tận Tay Khách Hàng Không Qua Trung Gian ,Sản phẩm được sản xuất bằng công nghệ cao cấp đến từng chi tiết dù là nhỏ .</p><p>&nbsp;</p><p>- Cam kết 100% hàng chính hãng</p><p>&nbsp;</p><p>- Sản phẩm được làm từ loại Vải Dạ Lông Cừu Nhập Khẩu Từ Hàn Quốc</p><p>&nbsp;</p><p>- Sản phẩm được ép nhiệu trông co , luôn dữ được from dáng</p><p>&nbsp;</p><p>- Co giãn ít, không nhăn, không xù , Không Dão Giặt Không phai Mầu : Thích Hợp Với Thời Tiết Gió Lạnh hoặc các cv ngoài trời, tiệc tùng, hiếu hỉ.</p><p>&nbsp;</p><p>- Form đẹp chuẩn , sang trọng, lịch lãm và đẳng cấp</p><p>&nbsp;</p><p>- Bảng sire Vest Việt Tiến Thành</p><p>&nbsp;</p><p>-&nbsp;Size&nbsp;M&nbsp;số&nbsp;3&nbsp;:&nbsp;Cân&nbsp;nặng&nbsp;từ&nbsp;50-58kg&nbsp;chiều&nbsp;cao&nbsp;từ&nbsp;150&nbsp;-160cm</p><p>-&nbsp;Size&nbsp;L&nbsp;số&nbsp;4:&nbsp;Cân&nbsp;nặng&nbsp;từ&nbsp;58-64kg&nbsp;chiều&nbsp;cao&nbsp;từ&nbsp;160&nbsp;-165cm</p><p>-&nbsp;Size&nbsp;XL&nbsp;số&nbsp;5&nbsp;:&nbsp;Cân&nbsp;nặng&nbsp;từ&nbsp;65-72Kg&nbsp;chiều&nbsp;cao&nbsp;165-170cm</p><p>-&nbsp;Size&nbsp;XXL&nbsp;số&nbsp;6&nbsp;:&nbsp;Cân&nbsp;nặng&nbsp;từ&nbsp;72-80Kg&nbsp;chiều&nbsp;cao&nbsp;170&nbsp;-175&nbsp;cm</p>',
        '2023-02-22 18:09:52', 1, 1),
       ('784a2150-9a5d-4ba4-a385-66a6b2b8f7bf', 'AoPhao',
        'Áo khoác phao Parka nam siêu ấm Lebro lót lông dày dặn ấm áp (LPK01-22) Thời trang mùa thu đông có mũ lông',
        NULL,
        '<p>Thông tin mô tả sản phẩm:</p><p>- Áo khoác nam siêu đẹp ấm áp, thời trang</p><p>- Áo sự mềm mại mịn màng và không bị nhăn trong quá trình sử dụng</p><p>- Bên trong áo là 1 lớp lông cao cấp, siêu ấm, cho những ngày đại hàn miền bắc</p><p>- Kiêu dáng rất trẻ trung</p><p>- Vận Chuyển Freeship cho đơn hàng trên 99k. Các bạn vào lựa chọn mã giảm giá để được freeship từ shopee</p><p>- Cam kêt: Hàng đẹp còn hơn trong hình</p><p>&nbsp;</p><p>? Shop cam kết các sản phẩm shop bán ra đã qua kiểm tra rất kỹ càng trước khi phân phối đến khách hàng.</p><p>&nbsp;</p><p>?Shop sẵn sàng hoàn tiền nếu sản phẩm không đảm bảo chất lượng, hoặc hàng không đúng mô tả.</p><p>&nbsp;</p><p>? sản phẩm được bảo hành 24 tháng nếu lỗi 1 đổi 1 mới trong suốt thời gian bảo hành</p><p>&nbsp;</p><p>? Sản phẩm bán ra là sản phẩm mới 100%</p><p>&nbsp;</p><p>? Cung cấp các sản phẩm theo đúng tiêu chuẩn với chất lượng tốt nhất</p><p>&nbsp;</p><p>? Giá cả cạnh tranh, phù hợp túi tiền của bạn</p><p>&nbsp;</p><p>? Shop chỉ cung cấp những sản phẩm có chất lượng tốt nhất tới tay khách hàng.</p><p>&nbsp;</p>',
        '2023-02-22 18:12:54', 1, 7),
       ('78bb12a8-35bd-4cbf-b965-ab77b83f5308', 'QuanJean1',
        'Quần jean nam streetwear cao cấp FNOS Z9 màu đen rách gối form slimfit có zip jean co giãn', NULL,
        '<p>Thông tin sản phẩm quần jean nam streetwear :</p><p>- Stretch denim - Jean thun co giãn.</p><p>- 98% cotton 2% spandex.</p><p>- Độ bền màu cao, vải dày 11 oz.</p><p>- Wash màu chuyên nghiệp.</p><p>- Form dáng Slim fit.</p><p><br>&nbsp;</p>',
        '2023-02-22 19:30:33', 1, 6),
       ('796c57ff-7d72-4c19-99a7-9e5d55eb94f7', 'MuLuoiTrai1',
        'Mũ snapback màu đen trơn CAPMAN phong cách hiphop vải da lộn CM148', NULL,
        '<p>- Chất liệu vải: da lộn</p><p>&nbsp;</p><p>&nbsp;</p><p>- Không gây kích ứng da đầu, không ra màu.</p><p>- Size: freesize, dễ dàng điều chỉnh size bằng khóa sau mũ, vòng đầu 52-58cm thích hợp cho cả nam nữ.</p><p>- Do màn hình và điều kiện ánh sáng khác nhau, màu sắc thực tế của sản phẩm có thể chênh lệch khoảng 3-5%.</p><p>----------------------------------------------</p><p>&nbsp;</p><p>? Shop cam kết các sản phẩm shop bán ra đã qua kiểm tra rất kỹ càng trước khi phân phối đến khách hàng.</p><p>&nbsp;</p><p>?Shop sẵn sàng hoàn tiền nếu sản phẩm không đảm bảo chất lượng, hoặc hàng không đúng mô tả.</p><p>&nbsp;</p><p>? sản phẩm được bảo hành 24 tháng nếu lỗi 1 đổi 1 mới trong suốt thời gian bảo hành</p><p>&nbsp;</p><p>? Sản phẩm bán ra là sản phẩm mới 100%</p><p>&nbsp;</p><p>? Cung cấp các sản phẩm theo đúng tiêu chuẩn với chất lượng tốt nhất</p><p>&nbsp;</p><p>? Giá cả cạnh tranh, phù hợp túi tiền của bạn</p><p>&nbsp;</p><p>? Shop chỉ cung cấp những sản phẩm có chất lượng tốt nhất tới tay khách hàng.</p>',
        '2023-02-22 19:26:36', 1, 7),
       ('7bd5a5a4-ff06-4140-a3a2-b70caf6fc2f5', 'SAC111',
        'Pin Sạc Dự Phòng Cheero Power Plus 3 Mini CHE-059 13400mAh Hàng Chính Hãng', NULL,
        '<p>-Dung lượng 13400mAh với lõi pin cao cấp</p><p>&nbsp;</p><p>Với dung lượng lên đến 13400mAh , gấp 5 - 6 lần so với pin các smartphone hiện hành đang sử dụng, Cheero Power Plus 3 mini CHE-059 là nguồn cung cấp năng lượng dồi dào cho các thiết bị số có cổng tương thích mọi lúc mọi nơi.. Đặc biệt pin sử dụng lõi pin Lithium-ion - lõi pin cao cấp của Panasonic Nhật Bản đảm bảo an toàn tuyệt đối cho các thiết bị sử dụng kèm.</p><p>&nbsp;</p><p>-Thiết kế nhỏ gọn</p><p>Pin Sạc Dự Phòng Cheero Power Plus 3 mini CHE-059 có thiết kế nhỏ gọn, giúp tăng tính di động của sản phẩm và thuận tiện cho người dùng mang theo bên mình mọi lúc mọi nơi. Vỏ pin được làm bằng chất liệu nhôm cao cấp, tỏa nhiệt tốt trong suốt quá trình sử dụng.</p><p>&nbsp;</p><p>-Đèn LED tiện dụng</p><p>Sản phẩm được trang bị đèn LED 4 mức thể hiện dung lượng pin một cách tiện dụng. Giờ đây, bạn có thể dễ dàng dõi tình trạng hoạt động hay sạc pin của sản phẩm.</p>',
        '2023-02-21 23:59:23', 1, 6),
       ('7eedebd1-660a-4724-b149-db8a5b2f5c2c', 'CuongLuc1', 'Kính cường lực iphone 21D full màn 6', NULL,
        '<p><br>Mô tả sản phẩm: Kính cường lực iphone</p><p>- Thiết kế: Bo khít máy</p><p>- Chất liệu: Kính</p><p>- Dòng máy tương thích: ốp lưng iphone 6/6plus/6s/6splus/7/7plus</p><p>- Xuất xứ: Việt Nam</p><p>&nbsp;</p><p>? Shop cam kết các sản phẩm shop bán ra đã qua kiểm tra rất kỹ càng trước khi phân phối đến khách hàng.</p><p>&nbsp;</p><p>?Shop sẵn sàng hoàn tiền nếu sản phẩm không đảm bảo chất lượng, hoặc hàng không đúng mô tả.</p><p>&nbsp;</p><p>? sản phẩm được bảo hành 24 tháng nếu lỗi 1 đổi 1 mới trong suốt thời gian bảo hành</p><p>&nbsp;</p><p>? Sản phẩm bán ra là sản phẩm mới 100%</p><p>&nbsp;</p><p>? Cung cấp các sản phẩm theo đúng tiêu chuẩn với chất lượng tốt nhất</p><p>&nbsp;</p><p>? Giá cả cạnh tranh, phù hợp túi tiền của bạn</p><p>&nbsp;</p><p>? Shop chỉ cung cấp những sản phẩm có chất lượng tốt nhất tới tay khách hàng.</p>',
        '2023-02-22 13:42:34', 1, 7),
       ('8774a151-6845-46de-91da-d1770ae9400e', 'HopButMau1', 'Bút Sáp màu Thiên Long CR-C016- 12 màu', NULL,
        '<p>hông Số Kỹ Thuật</p><p>Thương hiệu Thiên Long</p><p>Trọng lượng 60 gram</p><p>Chất liệu Sáp</p><p>&nbsp;</p><p>? Shop cam kết các sản phẩm shop bán ra đã qua kiểm tra rất kỹ càng trước khi phân phối đến khách hàng.</p><p>&nbsp;</p><p>?Shop sẵn sàng hoàn tiền nếu sản phẩm không đảm bảo chất lượng, hoặc hàng không đúng mô tả.</p><p>&nbsp;</p><p>? sản phẩm được bảo hành 24 tháng nếu lỗi 1 đổi 1 mới trong suốt thời gian bảo hành</p><p>&nbsp;</p><p>? Sản phẩm bán ra là sản phẩm mới 100%</p><p>&nbsp;</p><p>? Cung cấp các sản phẩm theo đúng tiêu chuẩn với chất lượng tốt nhất</p><p>&nbsp;</p><p>? Giá cả cạnh tranh, phù hợp túi tiền của bạn</p><p>&nbsp;</p><p>? Shop chỉ cung cấp những sản phẩm có chất lượng tốt nhất tới tay khách hàng.</p>',
        '2023-02-22 17:36:03', 1, 1),
       ('87dc0196-2c12-4ff4-afd7-02a75f41eb2c', 'Compa1',
        'Bộ compa kim loại chì bấm vẽ tranh thiết kế chuyên dụng cho học sinh vẽ kỹ thuật - 8601', NULL,
        '<p>THÔNG TIN SẢN PHẨM:</p><p>?Tên sản phẩm: Bộ Compa Deli</p><p>?Mã sản phẩm: 8601/8603</p><p>?Màu sắc: Xám bạc</p><p>-------------------------------------------------------------------------------------------------------</p><p>&nbsp;</p><p>Tự hào là một trong những nhãn hàng văn phòng phẩm lớn nhất tại Việt Nam, @Delivietnam không ngừng nỗ lực và phát triển trong lĩnh vực phân phối các sản phẩm cho các đơn vị văn phòng, trường học,... Với phương châm sản xuất những sản phẩm chất lượng tốt nhất và luôn đặt khách hàng làm trọng tâm, sứ mệnh của Deli là làm hài hòng người tiêu dùng toàn cầu với những sản phẩm chất lượng cao, độ tin cậy tuyệt đối và thân thiện với người dùng.</p>',
        '2023-02-22 17:48:31', 1, 7),
       ('8b439400-5dbd-403b-a3eb-5d62c721f4d8', 'AC12',
        'Đế sạc không dây từ tính ip 3 trong 1 Baseus 20w sạc được điên thoại tai nghe đồng hồ watch', NULL,
        '<p>Sạc không dây 3 trong 1, dễ dàng sạc điện thoại của bạn</p><p>Chân đế sạc ba trong một, hút từ tính chính xác không rơi, công nghệ phân phối điện BPS.</p><p>Điện thoại di động + đồng hồ + tai nghe sạc cùng lúc</p><p>Hấp phụ thứ hai, cuộc gọi thứ hai</p><p>16 nam châm lớn, phù hợp chính xác với phương pháp hút từ tính của máy lPHONE ban đầu, giúp sạc an toàn hơn.</p><p>Sạc hai điện thoại cùng một lúc</p><p>Được thiết kế đặc biệt để sạc an toàn và nhanh chóng cho điện thoại di động dòng từ tính của điện thoại di động</p><p>Cả mẫu mới và cũ đều có thể sạc được, và có thể sử dụng điện thoại di động hỗ trợ sạc không dây</p><p>Tương thích với đồng hồ có kích thước khác nhau, hút từ tính mạnh và sạc, nó sẽ không bị trượt ra sau khi hút.</p><p>Dấu ngoặc điều chỉnh, ± 20° Có thể điều chỉnh tùy ý</p><p>Góc nhìn tinh xảo lên xuống, góc nhìn thoải mái hơn.</p><p>Sạc ngang và dọc, chơi mà không bị rơi</p><p>Nó phù hợp với nhiều trường hợp khác nhau và nó phù hợp để sạc và chơi điện thoại di động.</p><p>Tích hợp quản lý chip thông minh, sạc an toàn và nhanh chóng</p><p>Tên: Giá đỡ điện thoại sạc không dây</p><p>Mô hình: BS-W527</p><p>Đầu vào: 9V⎓2a, 12V⎓2a</p><p>Đầu ra:</p><p>Cuộn dây đơn: tối đa 15W.</p><p>Cuộn dây đôi: Tối đa 10W + 10W.</p><p>Đầu ra USB hoặc Type-C: 5V⎓1a</p><p>Tần số truyền: 115-205kHz "</p><p><br>&nbsp;</p>',
        '2023-02-21 23:46:28', 1, 1),
       ('8d4f4224-973e-40e1-9550-368e7b16fe5e', 'ButChi1',
        'Vỉ 10 bút chì lục giác Deli - loại 2B/HB vẽ mỹ thuật, làm bài kiểm tra nhạy với máy chấm thi an toàn với người sử dụng',
        NULL,
        '<p>THÔNG TIN CHI TIẾT:</p><p>? Loại sản phẩm: Hộp bút chì HB/ 2B (10 chiếc) và hộp 50 chiếc (kèm tẩy và gọt)</p><p>? Màu sắc: Xanh lá đậm</p><p>? Mã sản phẩm: 33311 / 33312</p><p>? Sản phẩm chính hãng từ Delivietnam</p><p>Xuất xứ: Trung Quốc</p><p>--------------------------------------------------------------------------------------------------------------------------------</p><p>&nbsp;</p><p>Tự hào là một trong những nhãn hàng văn phòng phẩm lớn nhất tại Việt Nam, @Delivietnam không ngừng nỗ lực và phát triển trong lĩnh vực phân phối các sản phẩm cho các đơn vị văn phòng, trường học,... Với phương châm sản xuất những sản phẩm chất lượng tốt nhất và luôn đặt khách hàng làm trọng tâm, sứ mệnh của Deli là làm hài hòng người tiêu dùng toàn cầu với những sản phẩm chất lượng cao, độ tin cậy tuyệt đối và thân thiện với người dùng.</p><p>&nbsp;</p><p>Khách hàng lựa chọn các sản phẩm của @Delivietnam sẽ được cam kết:</p><p>? Sản phẩm chính hãng từ nhà máy Deli, nguồn gốc rõ ràng và chất lượng đạt tiêu chuẩn.</p><p>?Bảo hành theo quy định của nhà sản xuất.</p><p>?Giá cả hợp lý, cạnh tranh, rẻ nhất thị trường.</p><p>?Hỗ trợ đổi trả hàng cho những sản phẩm bị thiếu.</p>',
        '2023-02-22 17:56:10', 1, 7),
       ('910dd77b-a54c-4104-bf06-73e8dc4e2a00', 'BinhNuoc',
        'Bình giữ nhiệt Lock&Lock Energetic one-touch 550ml - LHC3249 (4 màu)', NULL,
        '<p>Bình giữ nhiệt Lock&amp;Lock Energetic one-touch 550ml - LHC3249 (4 màu)</p><p>Dung tích: 550ml</p><p>Chất liệu:</p><p>Thân cốc: Bên trong: thép không gỉ 316L</p><p>Nắp: nhựa PP</p><p>Gioăng &amp; miếng lót đế: silicone</p><p>Xuất xứ: Trung Quốc</p><p>&nbsp;</p><p>? Shop cam kết các sản phẩm shop bán ra đã qua kiểm tra rất kỹ càng trước khi phân phối đến khách hàng.</p><p>&nbsp;</p><p>?Shop sẵn sàng hoàn tiền nếu sản phẩm không đảm bảo chất lượng, hoặc hàng không đúng mô tả.</p><p>&nbsp;</p><p>? sản phẩm được bảo hành 24 tháng nếu lỗi 1 đổi 1 mới trong suốt thời gian bảo hành</p><p>&nbsp;</p><p>? Sản phẩm bán ra là sản phẩm mới 100%</p><p>&nbsp;</p><p>? Cung cấp các sản phẩm theo đúng tiêu chuẩn với chất lượng tốt nhất</p><p>&nbsp;</p><p>? Giá cả cạnh tranh, phù hợp túi tiền của bạn</p><p>&nbsp;</p><p>? Shop chỉ cung cấp những sản phẩm có chất lượng tốt nhất tới tay khách hàng.</p>',
        '2023-02-22 13:42:34', 1, 6),
       ('93fda1fa-27bc-4f28-be35-19187feb28aa', 'QuanTheThao',
        'Quần dài thể thao Hoppe Fumeng cho nữ thiết kế lưng cao thời trang năng động trẻ trung cho nữ', NULL,
        '<p>1 sản phẩm: Quần dài</p><p>Chất liệu: 75% nylon + 25% spandex</p><p>Số model: JK305</p><p>Dành cho: Phụ nữ</p><p>Hoa văn: Màu trơn</p><p>Chiều dài quần: Dài</p><p>Phong cách: Thường ngày</p><p>Kích thước: S, M, L, XL</p><p>Dành cho: Phụ nữ</p><p>Dịp sử dụng: Thể thao, tập thể dục, chạy bộ</p><p>&nbsp;</p><p>? Shop cam kết các sản phẩm shop bán ra đã qua kiểm tra rất kỹ càng trước khi phân phối đến khách hàng.</p><p>&nbsp;</p><p>?Shop sẵn sàng hoàn tiền nếu sản phẩm không đảm bảo chất lượng, hoặc hàng không đúng mô tả.</p><p>&nbsp;</p><p>? sản phẩm được bảo hành 24 tháng nếu lỗi 1 đổi 1 mới trong suốt thời gian bảo hành</p><p>&nbsp;</p><p>? Sản phẩm bán ra là sản phẩm mới 100%</p><p>&nbsp;</p><p>? Cung cấp các sản phẩm theo đúng tiêu chuẩn với chất lượng tốt nhất</p><p>&nbsp;</p><p>? Giá cả cạnh tranh, phù hợp túi tiền của bạn</p><p>&nbsp;</p><p>? Shop chỉ cung cấp những sản phẩm có chất lượng tốt nhất tới tay khách hàng.</p>',
        '2023-02-22 18:29:22', 1, 6),
       ('99e261b7-7398-45c4-bd22-1f8386121219', 'AoSweater1',
        'Xin LAN YA SHE Áo sweater Chui Đầu Dáng Rộng Phong Cách Hàn Quốc Cho Nữ', NULL,
        '<p>Phong cách: Hàn Quốc</p><p>Kiểu dáng: một bộ</p><p>Chiều dài: bình thường (50cm &lt;length≤65cm)</p><p>Chiều dài tay áo: Dài tay</p><p>Loại cổ áo: cổ tròn</p><p>Độ dày: một số</p><p>Thành phần vải chính: polyester (polyester)</p><p>&nbsp;</p><p>? Shop cam kết các sản phẩm shop bán ra đã qua kiểm tra rất kỹ càng trước khi phân phối đến khách hàng.</p><p>&nbsp;</p><p>?Shop sẵn sàng hoàn tiền nếu sản phẩm không đảm bảo chất lượng, hoặc hàng không đúng mô tả.</p><p>&nbsp;</p><p>? sản phẩm được bảo hành 24 tháng nếu lỗi 1 đổi 1 mới trong suốt thời gian bảo hành</p><p>&nbsp;</p><p>? Sản phẩm bán ra là sản phẩm mới 100%</p><p>&nbsp;</p><p>? Cung cấp các sản phẩm theo đúng tiêu chuẩn với chất lượng tốt nhất</p><p>&nbsp;</p><p>? Giá cả cạnh tranh, phù hợp túi tiền của bạn</p><p>&nbsp;</p><p>? Shop chỉ cung cấp những sản phẩm có chất lượng tốt nhất tới tay khách hàng.</p>',
        '2023-02-22 18:14:26', 1, 5),
       ('9b092f54-d170-40a5-ac93-899a2a10f48f', 'ThuocKe1',
        'Thước nhựa thẳng màu Pastel dài 20 cm Thiên Long Pazto SR-010 - Màu ngẫu nhiên', NULL, '',
        '2023-02-22 17:49:33', 1, 1),
       ('9b627b22-bdcf-4a56-9563-7afb0c035911', 'SoTay1',
        'Sổ tay ghi chép A5 gáy xoắn 120 trang Deli - Kẻ ngang - Màu ngẫu nhiên - LA560', NULL,
        '<p>TÍNH NĂNG SẢN PHẨM:</p><p>✔️ Sổ được làm bằng chất liệu chống lóa, bảo vệ cho đôi mắt của bạn</p><p>✔️ Giấy kẻ ngang thuận tiện cho việc ghi chép thông tin</p><p>✔️ Sổ bìa có các màu cổ điển, trang trọng</p><p>&nbsp;</p><p>THÔNG TIN SẢN PHẨM:</p><p>? Tên sản phẩm: Sổ tay ghi chép A5 gáy xoắn</p><p>? Số trang: 120 trang Deli</p><p>? Mã sản phẩm: LA560-01</p><p>? Kích thước 210x148mm</p><p>? Trọng lượng giấy: 70g</p><p>? Giấy kẻ ngang</p><p>Xuất xứ: Trung Quốc</p>',
        '2023-02-22 13:42:34', 1, 1),
       ('aba66651-1f2f-48e4-948e-0804c2ea1109', 'AoCoc1', 'Áo thun thể thao CAMEL ngắn tay thoáng khí chất lượng', NULL,
        '<p>Thương hiệu: CAMEL Chức năng: Hút ẩm và thoáng khí Kích thước: M L XL XXL XXXL&nbsp;</p><p>Chất vải: Nylon</p><p>&nbsp;</p><p>? Shop cam kết các sản phẩm shop bán ra đã qua kiểm tra rất kỹ càng trước khi phân phối đến khách hàng.</p><p>&nbsp;</p><p>?Shop sẵn sàng hoàn tiền nếu sản phẩm không đảm bảo chất lượng, hoặc hàng không đúng mô tả.</p><p>&nbsp;</p><p>? sản phẩm được bảo hành 24 tháng nếu lỗi 1 đổi 1 mới trong suốt thời gian bảo hành</p><p>&nbsp;</p><p>? Sản phẩm bán ra là sản phẩm mới 100%</p><p>&nbsp;</p><p>? Cung cấp các sản phẩm theo đúng tiêu chuẩn với chất lượng tốt nhất</p><p>&nbsp;</p><p>? Giá cả cạnh tranh, phù hợp túi tiền của bạn</p><p>&nbsp;</p><p>? Shop chỉ cung cấp những sản phẩm có chất lượng tốt nhất tới tay khách hàng.</p>',
        '2023-02-22 18:27:26', 1, 5),
       ('b2150dfa-4dc8-444b-8264-1cc215a251c0', 'TuiMacBook1',
        'Apple Macbook Air (2022) M2 chip, 13.6 inches, 8GB, 256GB SSD', NULL,
        '<p>Apple Macbook Air (2022) M2 chip (năm SX 2022), 13.6 inches, 8GB, 256GB SSD SPG (Space Gray), STL (Starlight), MDN (Midnight). Bộ xử lý Hãng CPU: Apple Công nghệ CPU: M2 Loại CPU: 8 - Core Tốc độ CPU: 100GB/s memory bandwidth RAM &amp; Ổ cứng Dung lượng RAM: 8 GB Dung lượng ổ cứng: 256GB SSD Màn hình Kích thước màn hình: 13.6 inches Công nghệ màn hình: Liquid Retina, True Tone Technology, Wide color (P3) Độ phân giải: 2560 x 1664 Pixels Loại màn hình: LED Độ sáng: 500 nits Colors: 1 triệu màu</p><p>&nbsp;</p><p>? Shop cam kết các sản phẩm shop bán ra đã qua kiểm tra rất kỹ càng trước khi phân phối đến khách hàng.</p><p>&nbsp;</p><p>?Shop sẵn sàng hoàn tiền nếu sản phẩm không đảm bảo chất lượng, hoặc hàng không đúng mô tả.</p><p>&nbsp;</p><p>? sản phẩm được bảo hành 24 tháng nếu lỗi 1 đổi 1 mới trong suốt thời gian bảo hành</p><p>&nbsp;</p><p>? Sản phẩm bán ra là sản phẩm mới 100%</p><p>&nbsp;</p><p>? Cung cấp các sản phẩm theo đúng tiêu chuẩn với chất lượng tốt nhất</p><p>&nbsp;</p><p>? Giá cả cạnh tranh, phù hợp túi tiền của bạn</p><p>&nbsp;</p><p>? Shop chỉ cung cấp những sản phẩm có chất lượng tốt nhất tới tay khách hàng.</p>',
        '2023-02-22 19:44:24', 1, 8),
       ('b490458c-3410-4f8c-b67f-f311c78822e3', 'IP11 65G', 'Apple iPhone 11 64GB', NULL,
        '<p>iPhone 11</p><p>&nbsp;</p><p>MÔ TẢ SẢN PHẨM</p><p>&nbsp;</p><p>iPhone 11 đẩy nhanh mọi tác vụ với A14 Bionic, chip nhanh nhất trên điện thoại thông minh.</p><p>Hệ thống camera kép mới. Với màn hình Super Retina XDR tuyệt đẹp, nay bạn có thể chiêm ngưỡng từng chi tiết hình ảnh vô cùng sống động.</p><p>&nbsp;</p><p>Tính năng nổi bật</p><p>• Màn hình Super Retina XDR 6.1 inch1</p><p>• Ceramic Shield, chất liệu kính bền chắc nhất từng có trên điện thoại thông minh</p><p>• A14 Bionic, chip nhanh nhất từng có trên điện thoại thông minh</p><p>• Hệ thống camera kép tiên tiến 12MP với các camera Ultra Wide và Wide; chế độ Ban Đêm, Deep Fusion,</p><p>HDR thông minh thế hệ 3, khả năng quay video HDR Dolby Vision 4K</p><p>• Camera trước TrueDepth 12MP với chế độ Ban Đêm và khả năng quay video HDR Dolby Vision 4K</p><p>• Khả năng chống nước đạt chuẩn IP68 đứng đầu thị trường3</p><p>• iOS 14 với các tiện ích được thiết kế lại trên Màn Hình Chính, Thư Viện Ứng Dụng hoàn toàn mới, App</p><p>Clips cùng nhiều tính năng khác</p><p>&nbsp;</p><p>Bộ sản phẩm bao gồm</p><p>1. Điện thoại</p><p>2. Dây sạc</p><p>3. HDSD bảo hành điện tử 12 tháng</p><p>&nbsp;</p><p>Pháp lý</p><p>1. Màn hình có các góc bo tròn. Khi tính theo hình chữ nhật, kích thước màn hình là 6.06 inch theo đường chéo.</p><p>Diện tích hiển thị thực tế nhỏ hơn.</p><p>2. Xác nhận dựa vào mặt trước có Ceramic Shield của iPhone 12 so với iPhone thế hệ trước.</p><p>3. iPhone 12 có khả năng chống tia nước, chống nước và chống bụi. Sản phẩm đã qua kiểm nghiệm trong điều kiện phòng thí nghiệm có kiểm soát đạt mức IP68 theo tiêu chuẩn IEC 60529 (chống nước ở độ sâu tối đa 6 mét trong vòng tối đa 30 phút). Khả năng chống tia nước, chống nước và chống bụi không phải là các điều kiện vĩnh viễn. Khả năng này có thể giảm do hao mòn thông thường. Không sạc pin khi iPhone đang bị ướt.</p><p>Vui lòng tham khảo hướng dẫn sử dụng để biết cách lau sạch và làm khô máy. Không bảo hành sản phẩm bị hỏng do thấm chất lỏng.</p>',
        '2023-02-22 13:42:34', 1, 5),
       ('b6a4971f-39f7-486b-a915-5b58ea1902b7', 'Hoodie1',
        'Áo khoác hoodie Gấu194 vải nỉ co dãn, dày dặn mềm mịn form rộng - Keep Running', NULL,
        '<p>Áo khoác hoodie GẤU194 vải nỉ co dãn, dày dặn mềm mịn form rộng&nbsp;</p><p>&nbsp;</p><p>THÀNH PHẦN: - Form dáng: form rộng trẻ trung, Unisex - chất liệu: Thun nỉ thu đông cao cấp thoáng khí , vải nỉ ngoại dày - Xuất xứ: Việt Nam - Màu sắc: Màu tại phân loại sản phẩm&nbsp;</p><p>&nbsp;</p><p>? Shop cam kết các sản phẩm shop bán ra đã qua kiểm tra rất kỹ càng trước khi phân phối đến khách hàng.</p><p>&nbsp;</p><p>?Shop sẵn sàng hoàn tiền nếu sản phẩm không đảm bảo chất lượng, hoặc hàng không đúng mô tả.</p><p>&nbsp;</p><p>? sản phẩm được bảo hành 24 tháng nếu lỗi 1 đổi 1 mới trong suốt thời gian bảo hành</p><p>&nbsp;</p><p>? Sản phẩm bán ra là sản phẩm mới 100%</p><p>&nbsp;</p><p>? Cung cấp các sản phẩm theo đúng tiêu chuẩn với chất lượng tốt nhất</p><p>&nbsp;</p><p>? Giá cả cạnh tranh, phù hợp túi tiền của bạn</p><p>&nbsp;</p><p>? Shop chỉ cung cấp những sản phẩm có chất lượng tốt nhất tới tay khách hàng.<br>&nbsp;</p>',
        '2023-02-22 18:11:33', 1, 5),
       ('b7cb2e10-aa84-4745-881a-e8d7790c2a88', 'DepNam',
        'Dép nam RỒNG VIÊT RV2,thiết kế độc,cá tính,màu siêu lạ,độ bền cao,đế êm và ôm chân,da mềm độ bền cao', NULL,
        '<p>THÔNG TIN SẢN PHẨM</p><p>- Dép quai ngang da xịn cao cấp</p><p>- Màu da cực hiếm,đi vô cùng tôn dáng chân</p><p>- Form dáng chuẩn ôm chân</p><p>- Chất da cực mềm,cực bền,không phai màu</p><p>- Thiết kế lịch sự, sang trọng,phù hợp đi làm,đi chơi....</p><p>- Bảng size 38 - 42</p><p>- Xuất xứ: Việt Nam</p><p>&nbsp;</p><p>? Shop cam kết các sản phẩm shop bán ra đã qua kiểm tra rất kỹ càng trước khi phân phối đến khách hàng.</p><p>&nbsp;</p><p>?Shop sẵn sàng hoàn tiền nếu sản phẩm không đảm bảo chất lượng, hoặc hàng không đúng mô tả.</p><p>&nbsp;</p><p>? sản phẩm được bảo hành 24 tháng nếu lỗi 1 đổi 1 mới trong suốt thời gian bảo hành</p><p>&nbsp;</p><p>? Sản phẩm bán ra là sản phẩm mới 100%</p><p>&nbsp;</p><p>? Cung cấp các sản phẩm theo đúng tiêu chuẩn với chất lượng tốt nhất</p><p>&nbsp;</p><p>? Giá cả cạnh tranh, phù hợp túi tiền của bạn</p><p>&nbsp;</p><p>? Shop chỉ cung cấp những sản phẩm có chất lượng tốt nhất tới tay khách hàng.</p>',
        '2023-02-22 13:42:34', 1, 8),
       ('bb4ede30-c42f-46bf-a742-a3ebd5f52083', 'DepQH1', 'Dép Sandan Nam Nữ, Sandal Học Sinh Quai Ngang(Đế cao 2,5cm)',
        NULL,
        '<p>Sandal Quai Ngang New 2020&nbsp;</p><p>- Thiết kế: Dép Sandal Nam năng động trẻ trung&nbsp;</p><p>- Chất Liệu: đế được làm từ cao su tổng hợp&nbsp;</p><p>&nbsp;Size: 37-43 - Màu sắc: Đen, Trắng,Ghi</p><p>&nbsp;+ Địa chỉ : Hoài Đức Hà Nội + SĐT : 0936446188</p>',
        '2023-02-22 17:28:49', 1, 4),
       ('c84d995d-7150-4f82-963a-b9d56ad9bb80', 'GangTay1',
        'Găng tay nam mùa đông phượt thủ,cảm ứng điện thoại lót lông cực ấm khi đi phượt, dã ngoại, du lịch, đạp xe AUKULASIC',
        NULL,
        '<p>ƯU ĐIỂM VƯỢT TRỘI:</p><p>1. Giữ nhiệt tốt trong mùa đông: Găng tay được làm từ chất liệu vải dày dặn, mềm mại, bên trong có lớp nỉ lông giữ nhiệt tốt</p><p>2. Độ đàn hồi cao và vừa vặn: Chất liệu vải cao cấp mềm mại, vừa vặn theo đường cong của bàn tay, có độ co giãn nhất định giúp tay không bị cấn.</p><p>3. Lòng bàn tay chống trơn trượt và chống mài mòn</p><p><br>? Shop cam kết các sản phẩm shop bán ra đã qua kiểm tra rất kỹ càng trước khi phân phối đến khách hàng.</p><p>&nbsp;</p><p>?Shop sẵn sàng hoàn tiền nếu sản phẩm không đảm bảo chất lượng, hoặc hàng không đúng mô tả.</p><p>&nbsp;</p><p>? sản phẩm được bảo hành 24 tháng nếu lỗi 1 đổi 1 mới trong suốt thời gian bảo hành</p><p>&nbsp;</p><p>? Sản phẩm bán ra là sản phẩm mới 100%</p><p>&nbsp;</p><p>? Cung cấp các sản phẩm theo đúng tiêu chuẩn với chất lượng tốt nhất</p><p>&nbsp;</p><p>? Giá cả cạnh tranh, phù hợp túi tiền của bạn</p><p>&nbsp;</p><p>? Shop chỉ cung cấp những sản phẩm có chất lượng tốt nhất tới tay khách hàng.</p>',
        '2023-02-22 18:17:10', 1, 8),
       ('d2fda1ae-d51e-47be-bb30-eaaf2adce7b7', 'ChuotMayTinh',
        'Chuột máy tính có dây văn phòng gaming SIDOTECH P20 giá rẻ Silent tắt âm chống ồn DPI 1200 chơi game cho laptop',
        NULL,
        '<p>CHUỘT MÁY TÍNH CÓ DÂY SIDOTECH P20&nbsp;<br>&nbsp;</p><p>&nbsp;</p><p>? Shop cam kết các sản phẩm shop bán ra đã qua kiểm tra rất kỹ càng trước khi phân phối đến khách hàng.</p><p>&nbsp;</p><p>?Shop sẵn sàng hoàn tiền nếu sản phẩm không đảm bảo chất lượng, hoặc hàng không đúng mô tả.</p><p>&nbsp;</p><p>? sản phẩm được bảo hành 24 tháng nếu lỗi 1 đổi 1 mới trong suốt thời gian bảo hành</p><p>&nbsp;</p><p>? Sản phẩm bán ra là sản phẩm mới 100%</p><p>&nbsp;</p><p>? Cung cấp các sản phẩm theo đúng tiêu chuẩn với chất lượng tốt nhất</p><p>&nbsp;</p><p>? Giá cả cạnh tranh, phù hợp túi tiền của bạn</p><p>&nbsp;</p><p>? Shop chỉ cung cấp những sản phẩm có chất lượng tốt nhất tới tay khách hàng.</p>',
        '2023-02-22 19:36:05', 1, 4),
       ('d5c80c47-caa8-47ed-b771-6ae72dc2995e', 'KhanQuang', 'Sỉ/buôn 10 khăn quàng đỏ học sinh', NULL,
        '<p>Sản phẩm có hình tam giác với các đường mép cắt phẳng Dành cho học sinh tiểu học&nbsp;&nbsp;</p><p>&nbsp;</p><p>? Shop cam kết các sản phẩm shop bán ra đã qua kiểm tra rất kỹ càng trước khi phân phối đến khách hàng.</p><p>&nbsp;</p><p>?Shop sẵn sàng hoàn tiền nếu sản phẩm không đảm bảo chất lượng, hoặc hàng không đúng mô tả.</p><p>&nbsp;</p><p>? sản phẩm được bảo hành 24 tháng nếu lỗi 1 đổi 1 mới trong suốt thời gian bảo hành</p><p>&nbsp;</p><p>? Sản phẩm bán ra là sản phẩm mới 100%</p><p>&nbsp;</p><p>? Cung cấp các sản phẩm theo đúng tiêu chuẩn với chất lượng tốt nhất</p><p>&nbsp;</p><p>? Giá cả cạnh tranh, phù hợp túi tiền của bạn</p><p>&nbsp;</p><p>? Shop chỉ cung cấp những sản phẩm có chất lượng tốt nhất tới tay khách hàng.</p>',
        '2023-02-22 17:34:30', 1, 1),
       ('df25d33c-fe0e-4558-a9ed-335e15dac1e8', 'GiayTheThao',
        'Giày thể thao IELGY màu trắng mũi tròn phối buộc dây thời trang Hàn Quốc cho nữ', NULL,
        '<p>Thời gian giao hàng dự kiến cho sản phẩm này là từ 7-9 ngày&nbsp;</p><p>Phong cách: Hàn Quốc&nbsp;</p><p>Chất liệu mặt trên: PU nhân tạo&nbsp;</p><p>Chất liệu đế: Cao su&nbsp;</p><p>Hình dạng mũi giày: Mũi tròn&nbsp;</p><p>&nbsp;</p><p>? Shop cam kết các sản phẩm shop bán ra đã qua kiểm tra rất kỹ càng trước khi phân phối đến khách hàng.</p><p>&nbsp;</p><p>?Shop sẵn sàng hoàn tiền nếu sản phẩm không đảm bảo chất lượng, hoặc hàng không đúng mô tả.</p><p>&nbsp;</p><p>? sản phẩm được bảo hành 24 tháng nếu lỗi 1 đổi 1 mới trong suốt thời gian bảo hành</p><p>&nbsp;</p><p>? Sản phẩm bán ra là sản phẩm mới 100%</p><p>&nbsp;</p><p>? Cung cấp các sản phẩm theo đúng tiêu chuẩn với chất lượng tốt nhất</p><p>&nbsp;</p><p>? Giá cả cạnh tranh, phù hợp túi tiền của bạn</p><p>&nbsp;</p><p>? Shop chỉ cung cấp những sản phẩm có chất lượng tốt nhất tới tay khách hàng.</p>',
        '2023-02-22 13:42:34', 1, 6),
       ('e3adea74-00b1-46b3-81f6-dd457d69cb51', 'AC13',
        'Bộ Củ Cáp Sạc Nhanh Cam kết sạc nhanh tốc độ Bảo hành 24 tháng, chính hãng KTA', NULL,
        '<p>? Shop cam kết các sản phẩm shop bán ra đã qua kiểm tra rất kỹ càng trước khi phân phối đến khách hàng.</p><p>&nbsp;</p><p>?Shop sẵn sàng hoàn tiền nếu sản phẩm không đảm bảo chất lượng, hoặc hàng không đúng mô tả.</p><p>&nbsp;</p><p>? sản phẩm được bảo hành 24 tháng nếu lỗi 1 đổi 1 mới trong suốt thời gian bảo hành</p><p>&nbsp;</p><p>? Sản phẩm bán ra là sản phẩm mới 100%</p><p>&nbsp;</p><p>? Cung cấp các sản phẩm theo đúng tiêu chuẩn với chất lượng tốt nhất</p><p>&nbsp;</p><p>? Giá cả cạnh tranh, phù hợp túi tiền của bạn</p><p>&nbsp;</p><p>? Shop chỉ cung cấp những sản phẩm có chất lượng tốt nhất tới tay khách hàng.</p>',
        '2023-02-22 13:42:34', 1, 5),
       ('e9c15d22-22ee-4638-b63f-8eaea6b5736a', 'CucTay1',
        'Gôm tẩy 2B Deli - Không bụi - Màu sắc vintage - Xanh dương/Hồng/Nâu - NS151', NULL,
        '<p>TÍNH NĂNG SẢN PHẨM:</p><p>Tẩy sạch, không dễ để lại vết</p><p>Gôm tẩy làm bằng chất liệu nhựa PVC có khả năng dễ dàng tẩy xóa</p><p>Việc sử dụng chất liệu nhựa PVC có tính dẻo tốt, tránh việc ma sát giấy mạnh dễ làm hỏng giấy.</p><p>*. Sản phẩm phù hợp với nhiều loại giấy thông dụng khác nhau. Lực tẩy quá mạnh không thể đảm bảo rằng giấy không bị hỏng.</p>',
        '2023-02-22 17:54:53', 1, 7),
       ('ec08cf2e-ad65-4533-a473-ebd1845d3678', 'GiuNhiet1', 'Áo Giữ Nhiệt Nam Dài Tay Cao Cấp VESCA N', NULL,
        '<p>THÔNG TIN CHI TIẾT</p><p>? Chất liệu: Thun lạnh</p><p>? Màu sắc: Đen - Xanh than - trắng - ghi</p><p>? Thương hiệu: VESCA</p><p>? Xuất xứ: Việt Nam</p><p>?Size: M - L- XL - XXL</p><p>&nbsp;</p><p>? Shop cam kết các sản phẩm shop bán ra đã qua kiểm tra rất kỹ càng trước khi phân phối đến khách hàng.</p><p>&nbsp;</p><p>?Shop sẵn sàng hoàn tiền nếu sản phẩm không đảm bảo chất lượng, hoặc hàng không đúng mô tả.</p><p>&nbsp;</p><p>? sản phẩm được bảo hành 24 tháng nếu lỗi 1 đổi 1 mới trong suốt thời gian bảo hành</p><p>&nbsp;</p><p>? Sản phẩm bán ra là sản phẩm mới 100%</p><p>&nbsp;</p><p>? Cung cấp các sản phẩm theo đúng tiêu chuẩn với chất lượng tốt nhất</p><p>&nbsp;</p><p>? Giá cả cạnh tranh, phù hợp túi tiền của bạn</p><p>&nbsp;</p><p>? Shop chỉ cung cấp những sản phẩm có chất lượng tốt nhất tới tay khách hàng.</p>',
        '2023-02-22 13:42:34', 1, 4),
       ('f03ff3c5-a8ad-41f8-a61f-f0ef2741e1f0', 'OpLungIpad1', 'Bao da máy tính bảng thời trang cho Ipad 10.2', NULL,
        '<p>Mô tả sản phẩm&nbsp;</p><p>• Sản phẩm mới 100%&nbsp;</p><p>• Bao da máy tính bảng được làm từ chất liệu cao cấp&nbsp;</p><p>• Chức năng tự động Ngủ / Đánh thức • Bao da máy tính bảng được thiết kế thông minh, máy tính bảng sẽ hoạt động khi mở nắp, và máy tính bảng sẽ tắt khi đóng bao da. • Bao da máy tính bảng có chức năng tản nhiệt, bên trong sử dụng thiết kế dạng tổ ong giúp bảo vệ máy tính bảng của bạn đồng thời cân bằng nhiệt độ cho máy tính bảng.&nbsp;</p><p>&nbsp;</p><p>Mô tả sản phẩm • Sản phẩm mới 100% • Bao da máy tính bảng được làm từ chất liệu cao cấp • Chức năng tự động Ngủ / Đánh thức • Bao da máy tính bảng được thiết kế thông minh, máy tính bảng sẽ hoạt động khi mở nắp, và máy tính bảng sẽ tắt khi đóng bao da. • Bao da máy tính bảng có chức năng tản nhiệt, bên trong sử dụng thiết kế dạng tổ ong giúp bảo vệ máy tính bảng của bạn đồng thời cân bằng nhiệt độ cho máy tính bảng. • Mặt sau được thiết kế dạng TPU mềm giúp bảo vệ máy tính bảng tốt hơn khi bị rơi, mang lại thời gian sử dụng lâu dài. • Bao da điện thoại TPU + PU là sự kết hợp tuyệt vời, thiết kế mỏng hơn, mặt sau TPU bảo vệ máy tính bảng tốt hơn, chất liệu da PU nổi bật kiểu dáng sang trọng, hợp thời trang. • Được làm từ chất liệu tiết kiệm năng lượng và thân thiện với môi trường, không mùi, không sờn và dễ làm sạch. • Thiết kế nắp gập thông minh tiện dụng, thiết kế nhiều góc độ, bạn có thể vừa ngồi vừa xem. • Sử dụng công nghệ cắt chính xác, vị trí lỗ chính xác, thiết kế gờ cao hơn và được bảo vệ tốt hơn mà không cản trở chức năng bình thường của nút. Các model máy tính bảng tương thích: (Vui lòng kiểm tra phần dưới cùng của iPad để tìm số model máy tính bảng)</p>',
        '2023-02-22 19:51:28', 1, 6),
       ('f317f5fd-52d6-40f6-a4db-d77f6177332b', 'MiengLotChuot',
        'Miếng Lót Chuột FONKEN Làm Từ Đệm Xốp Đàn Hồi Có Bệ Kê Cổ Tay Thoải Mái', NULL,
        '<p>Loại sản phẩm: Miếng lót chuột&nbsp;</p><p>Chất liệu: EVA&nbsp;</p><p>Đặc trưng: Không trượt, Hỗ trợ cổ tay, Thoải mái, Màu trơn&nbsp;</p><p>Kích thước: 23cm x 18cm x 2cm / 9.06 " x 7.09 " x 0.79 " (Xấp xỉ)</p><p>&nbsp;</p><p>? Shop cam kết các sản phẩm shop bán ra đã qua kiểm tra rất kỹ càng trước khi phân phối đến khách hàng.</p><p>&nbsp;</p><p>?Shop sẵn sàng hoàn tiền nếu sản phẩm không đảm bảo chất lượng, hoặc hàng không đúng mô tả.</p><p>&nbsp;</p><p>? sản phẩm được bảo hành 24 tháng nếu lỗi 1 đổi 1 mới trong suốt thời gian bảo hành</p><p>&nbsp;</p><p>? Sản phẩm bán ra là sản phẩm mới 100%</p><p>&nbsp;</p><p>? Cung cấp các sản phẩm theo đúng tiêu chuẩn với chất lượng tốt nhất</p><p>&nbsp;</p><p>? Giá cả cạnh tranh, phù hợp túi tiền của bạn</p><p>&nbsp;</p><p>? Shop chỉ cung cấp những sản phẩm có chất lượng tốt nhất tới tay khách hàng.</p>',
        '2023-02-22 13:42:34', 1, 9),
       ('f3a40f88-648a-4b92-a5f4-0fcc8b9f9fe7', 'IP12', 'Apple iPhone 12 64GB', NULL,
        '<p>iPhone 12</p><p>&nbsp;</p><p>MÔ TẢ SẢN PHẨM</p><p>&nbsp;</p><p>iPhone 12 đẩy nhanh mọi tác vụ với A14 Bionic, chip nhanh nhất trên điện thoại thông minh.</p><p>Hệ thống camera kép mới. Với màn hình Super Retina XDR tuyệt đẹp, nay bạn có thể chiêm ngưỡng từng chi tiết hình ảnh vô cùng sống động.</p><p>&nbsp;</p><p>Tính năng nổi bật</p><p>• Màn hình Super Retina XDR 6.1 inch1</p><p>• Ceramic Shield, chất liệu kính bền chắc nhất từng có trên điện thoại thông minh</p><p>• A14 Bionic, chip nhanh nhất từng có trên điện thoại thông minh</p><p>• Hệ thống camera kép tiên tiến 12MP với các camera Ultra Wide và Wide; chế độ Ban Đêm, Deep Fusion,</p><p>HDR thông minh thế hệ 3, khả năng quay video HDR Dolby Vision 4K</p><p>• Camera trước TrueDepth 12MP với chế độ Ban Đêm và khả năng quay video HDR Dolby Vision 4K</p><p>• Khả năng chống nước đạt chuẩn IP68 đứng đầu thị trường3</p><p>• iOS 14 với các tiện ích được thiết kế lại trên Màn Hình Chính, Thư Viện Ứng Dụng hoàn toàn mới, App</p><p>Clips cùng nhiều tính năng khác</p><p>&nbsp;</p><p>Bộ sản phẩm bao gồm</p><p>1. Điện thoại</p><p>2. Dây sạc</p><p>3. HDSD bảo hành điện tử 12 tháng</p><p>&nbsp;</p><p>Pháp lý</p><p>1. Màn hình có các góc bo tròn. Khi tính theo hình chữ nhật, kích thước màn hình là 6.06 inch theo đường chéo.</p><p>Diện tích hiển thị thực tế nhỏ hơn.</p><p>2. Xác nhận dựa vào mặt trước có Ceramic Shield của iPhone 12 so với iPhone thế hệ trước.</p><p>3. iPhone 12 có khả năng chống tia nước, chống nước và chống bụi. Sản phẩm đã qua kiểm nghiệm trong điều kiện phòng thí nghiệm có kiểm soát đạt mức IP68 theo tiêu chuẩn IEC 60529 (chống nước ở độ sâu tối đa 6 mét trong vòng tối đa 30 phút). Khả năng chống tia nước, chống nước và chống bụi không phải là các điều kiện vĩnh viễn. Khả năng này có thể giảm do hao mòn thông thường. Không sạc pin khi iPhone đang bị ướt.</p><p>Vui lòng tham khảo hướng dẫn sử dụng để biết cách lau sạch và làm khô máy. Không bảo hành sản phẩm bị hỏng do thấm chất lỏng.</p>',
        '2023-02-22 13:42:34', 1, 1),
       ('f46370c0-269d-41f6-b996-9d32d60faae1', 'AP12',
        'Tai nghe Bluetooth I12 v5.0 chính hãng SKYLALA không dây, Cảm ứng nhạy, âm thanh dùng cho tất cả các dòng điện thoại',
        NULL,
        '<p>TÊN SẢN PHẨM : Tai nghe Bluetooth I12 5.0 chính hãng SKYLALA không dây, Cảm ứng nhạy, âm thanh dùng cho tất cả các dòng điện thoại</p><p>&nbsp;</p><p>Phụ Kiện SKYLALA tự tin là thương hiệu uy tín hàng đầu trong ngành tai nghe - phụ kiện điện thoại khi có hàng vạn khách hàng trên khắp cả nước :</p><p>+ Bảo hành tất cả sản phẩm 12 tháng</p><p>+ Hỗ trợ đổi - trả hàng miễn phí trong 30 ngày</p><p>+ Đóng gói nhanh - đẹp - có thẻ bảo hành trong từng sản phẩm</p><p>+ Ship nhanh hỏa tốc trong khu vực nội thành</p><p>&nbsp;</p><p>ĐĂC ĐIỂM SẢN PHẨM:</p><p>- Tai nghe được thiết kế sang trọng, vẻ ngoài thanh thoát, tinh tế</p><p>- Các chi tiết của tai được làm khá sắc nét, khớp nối mịn và không bị hở</p><p>- Chất liệu nhựa của tai được làm nhựa tốt nên màu trắng của tai rất đẹp, tai cầm chắc chắc</p><p>TÍNH NĂNG SẢN PHẨM:</p><p>- Tính năng nghe gọi và mic đàm thoại ổn định</p><p>- Thời lượng Pin trâu từ 3-4h liên tục</p><p>- Hộp sạc có thể sạc cho tai nghe 2-3 lần</p><p>- Tai nghe còn được trang bị tính năng tự động kích hoạt trong lúc đeo và ngắt kết nối lúc ta tháo ra</p><p>- Tai nghe cũng có cảm ứng 1-2 chạm dễ dàng</p><p>- Tích hợp chip xử lý tự động kết nối khi mở nắp</p><p>- Tai nghe được trang bị thêm âm thanh không gian</p><p>- Hỗ trợ sạc không dây tiện lợi sử dụng</p><p>- Tính năng tìm kiếm tai nghe khi thất lạc</p>',
        '2023-02-21 23:42:33', 1, 8);

-- 
-- Dumping data for table attribute
--
INSERT INTO attribute
VALUES ('08fac6c7-9fd3-410b-96d7-64009502c7e6', 'Kích thước màn hình', 1, '2023-02-21 22:19:18'),
       ('189ed9ba-6da6-4bfb-92c2-97d2888d2600', 'Tình trạng', 1, '2023-02-21 22:19:40'),
       ('217a57d5-91dc-4d9c-aec1-c5dcc2352df8', 'Loại điện thoại', 1, '2023-02-21 22:16:30'),
       ('2cf00bfb-12cc-4110-8097-1b73648f74b0', 'RAM', 1, '2023-02-21 22:12:24'),
       ('31f40953-db0d-49ce-be74-ceef3013816c', 'Hỗ trợ hệ điều hành', 1, '2023-02-21 22:18:30'),
       ('4ab90cbd-dbe3-4e62-bfa0-598edb7c1533', 'Kho hàng', 1, '2023-02-21 22:20:24'),
       ('568e6c5c-118e-4e09-89b6-b7ccb21f1ecb', 'Thương hiệu', 1, '2023-02-21 22:10:33'),
       ('600329a6-4ab0-4893-b86d-bc236412085d', 'Loại bảo hành', 1, '2023-02-21 22:11:39'),
       ('6bfb5f87-3f5f-4bd7-84cb-d83eb9dac5c5', 'Dung lượng lưu trữ', 1, '2023-02-21 22:10:50'),
       ('6ff7d77a-90cb-4718-95f3-70319534ab7e', 'Độ phân giải camera chính', 1, '2023-02-21 22:11:17'),
       ('de129add-ea00-47c7-b42c-79d0476c4902', 'Bộ xử lý', 1, '2023-02-21 22:18:54'),
       ('fa139789-eaa1-4950-8bb0-0ea05ca1a7b4', 'Số camera chính', 1, '2023-02-21 22:16:16'),
       ('ff3b2542-c62d-4d61-969e-411704071035', 'Hạn bảo hành', 1, '2023-02-21 22:11:59');

-- 
-- Dumping data for table size
--
INSERT INTO size
VALUES ('62864777-af65-4019-b59e-568821fb4eea', '7s', 1, '2023-02-22 19:54:40'),
       ('6a6e0d7b-85e5-4b9c-83f2-7f2f79191bc5', '7lus', 1, '2023-02-22 19:54:45'),
       ('a3d03a82-9443-4c3e-b860-d98efb9ff2ab', 'Nam', 1, '2023-03-11 22:50:11'),
       ('b4d90e00-68f0-44eb-bfdd-977f0e61fa13', 'Nữ', 1, '2023-03-11 22:50:17'),
       ('b8410d0a-cef6-4198-a325-c552adb9070f', '6s', 1, '2023-02-22 19:54:29'),
       ('ba0844ee-26e9-47af-8896-d61947757aa4', '6plus', 1, '2023-02-22 19:54:35');

-- 
-- Dumping data for table product_relation
--
INSERT INTO product_relation
VALUES ('0665c468-fbff-441a-b6b5-07dadc056f6b', 'df25d33c-fe0e-4558-a9ed-335e15dac1e8',
        '9c9c5431-e475-49e0-ba99-9362fbfdf4ba', 1),
       ('071b7fc5-897d-40d9-8554-0c09d507c7b1', '5f669ede-5121-459d-bbbe-2a66f7d4a078',
        '4dc1b786-e93a-4298-a1ce-c23b8c6bc903', 1),
       ('08b14b8f-65b6-4535-b656-0bb1f99fae81', '8d4f4224-973e-40e1-9550-368e7b16fe5e',
        'e9c15d22-22ee-4638-b63f-8eaea6b5736a', 1),
       ('09f66d0b-1103-458b-9986-5931da32252e', '910dd77b-a54c-4104-bf06-73e8dc4e2a00',
        '70d9667e-cdac-4719-b298-81eb175cdd72', 1),
       ('0c13198c-70c0-4cb5-ab6e-d47e1d1d8d35', '8774a151-6845-46de-91da-d1770ae9400e',
        '02fa5ebf-cf59-4099-906b-c051f16f7013', 1),
       ('0c497d3a-4dce-495a-8d0d-a18e870f9500', '3c8708e2-298b-4b00-baec-f973ef960d61',
        '19885a3a-b784-4167-96d6-340edef8ef39', 1),
       ('0e30b261-3499-4d0e-96d3-5b4d6dd18e7f', 'd5c80c47-caa8-47ed-b771-6ae72dc2995e',
        '1475c619-f651-4db8-876e-b449d8cc4d05', 1),
       ('0f631ec4-f379-401d-b1b2-03c6dccf30a1', 'b2150dfa-4dc8-444b-8264-1cc215a251c0',
        'f317f5fd-52d6-40f6-a4db-d77f6177332b', 1),
       ('12f7dcc7-e005-426e-9a04-543277ec518d', '3c8708e2-298b-4b00-baec-f973ef960d61',
        'b7cb2e10-aa84-4745-881a-e8d7790c2a88', 1),
       ('140f8014-e205-4933-92ec-67c1a8d7ccdc', '02fa5ebf-cf59-4099-906b-c051f16f7013',
        '8774a151-6845-46de-91da-d1770ae9400e', 1),
       ('1a996d77-8f10-43de-a335-569b8cbec9a2', '28b85067-c549-416b-90f5-6f7998f1e17c',
        '049a8328-52fe-426c-93cc-d2eb60a25475', 1),
       ('1ba7cf7c-afd4-43e1-acb5-44b55bbea80b', '28b85067-c549-416b-90f5-6f7998f1e17c',
        '7bd5a5a4-ff06-4140-a3a2-b70caf6fc2f5', 1),
       ('1c7f82f2-1c7d-457a-a092-26329b91d495', 'e9c15d22-22ee-4638-b63f-8eaea6b5736a',
        '02fa5ebf-cf59-4099-906b-c051f16f7013', 1),
       ('1f14794a-11da-4629-8b15-05758427d7ad', '70d9667e-cdac-4719-b298-81eb175cdd72',
        'd5c80c47-caa8-47ed-b771-6ae72dc2995e', 1),
       ('268f4087-e053-414c-b5ef-8e89aac81208', '910dd77b-a54c-4104-bf06-73e8dc4e2a00',
        'd5c80c47-caa8-47ed-b771-6ae72dc2995e', 1),
       ('2886cec8-c813-44e5-bfaa-76090f9cee3f', '4dc1b786-e93a-4298-a1ce-c23b8c6bc903',
        '5f669ede-5121-459d-bbbe-2a66f7d4a078', 1),
       ('299734af-1058-4151-8ac0-11e75d87902e', 'b7cb2e10-aa84-4745-881a-e8d7790c2a88',
        '45486d2a-fcd7-42c1-bb43-eb1fa67431b7', 1),
       ('29f07c15-35a9-42e0-8aa1-8b6f1b7e0155', '1475c619-f651-4db8-876e-b449d8cc4d05',
        '70d9667e-cdac-4719-b298-81eb175cdd72', 1),
       ('2d18cc21-95bf-4116-9a48-0174abc51537', '19885a3a-b784-4167-96d6-340edef8ef39',
        '45486d2a-fcd7-42c1-bb43-eb1fa67431b7', 1),
       ('310375ca-e4df-43b1-be43-d35bdaa31ce8', '4dc1b786-e93a-4298-a1ce-c23b8c6bc903',
        '9c9c5431-e475-49e0-ba99-9362fbfdf4ba', 1),
       ('315179ba-9978-4aa7-a390-8a0dd62505f5', 'b7cb2e10-aa84-4745-881a-e8d7790c2a88',
        '3c8708e2-298b-4b00-baec-f973ef960d61', 1),
       ('31b11a14-550f-4a79-aeb5-2b476322b4b3', '3c8708e2-298b-4b00-baec-f973ef960d61',
        'df25d33c-fe0e-4558-a9ed-335e15dac1e8', 1),
       ('34408327-285f-4dcd-814b-4b7ec5058824', '910dd77b-a54c-4104-bf06-73e8dc4e2a00',
        '1475c619-f651-4db8-876e-b449d8cc4d05', 1),
       ('3937e23f-bebe-4eb0-9719-3c3aef6105c1', '45486d2a-fcd7-42c1-bb43-eb1fa67431b7',
        '796c57ff-7d72-4c19-99a7-9e5d55eb94f7', 1),
       ('3cc37246-16c9-4023-9aa9-812b6e68f4e4', 'e9c15d22-22ee-4638-b63f-8eaea6b5736a',
        '8d4f4224-973e-40e1-9550-368e7b16fe5e', 1),
       ('3ddf9bab-dd91-4286-a78e-b4553af2977b', '6bb9f6a6-27b1-4283-8925-e7ef284dd6af',
        '049a8328-52fe-426c-93cc-d2eb60a25475', 1),
       ('40cbe9b8-ece1-4444-80ef-fb239913d20d', 'df25d33c-fe0e-4558-a9ed-335e15dac1e8',
        'baffd64c-354f-45fa-8944-6da8f6d9e615', 1),
       ('436db4e5-4de4-466d-9fcf-116ce97bfeca', '19885a3a-b784-4167-96d6-340edef8ef39',
        '796c57ff-7d72-4c19-99a7-9e5d55eb94f7', 1),
       ('47d5fa17-fda5-4e84-84b4-6b938d9bdd41', '4307dd24-3805-4187-89d7-18ecfc4d4db2',
        '6bb9f6a6-27b1-4283-8925-e7ef284dd6af', 1),
       ('4a139960-7148-4c89-b6fa-f3a71ed39db6', 'b7cb2e10-aa84-4745-881a-e8d7790c2a88',
        'df25d33c-fe0e-4558-a9ed-335e15dac1e8', 1),
       ('4a96ed0c-4818-4c46-8f4d-c7810e9858a6', '4307dd24-3805-4187-89d7-18ecfc4d4db2',
        '049a8328-52fe-426c-93cc-d2eb60a25475', 1),
       ('4d2b7bc6-aec9-4142-8bb1-26d319c523cc', '796c57ff-7d72-4c19-99a7-9e5d55eb94f7',
        '45486d2a-fcd7-42c1-bb43-eb1fa67431b7', 1),
       ('52882830-dae3-49f3-9549-e4e9e2ed8672', '6bb9f6a6-27b1-4283-8925-e7ef284dd6af',
        'f46370c0-269d-41f6-b996-9d32d60faae1', 1),
       ('569a45dc-a28c-4f84-91d5-5dd16276cb81', '784a2150-9a5d-4ba4-a385-66a6b2b8f7bf',
        'baffd64c-354f-45fa-8944-6da8f6d9e615', 1),
       ('58f16e11-4cd2-4d34-88d2-5255dfedb0c4', 'e9c15d22-22ee-4638-b63f-8eaea6b5736a',
        '8774a151-6845-46de-91da-d1770ae9400e', 1),
       ('5a4c44cd-cc63-4072-a3b5-da56a857ff6a', '8d4f4224-973e-40e1-9550-368e7b16fe5e',
        '02fa5ebf-cf59-4099-906b-c051f16f7013', 1),
       ('5adac5db-4718-44fb-a0b9-be3f65c867d0', '28b85067-c549-416b-90f5-6f7998f1e17c',
        '8b439400-5dbd-403b-a3eb-5d62c721f4d8', 1),
       ('5c9da615-0653-4fe8-b05d-177070f1577e', '784a2150-9a5d-4ba4-a385-66a6b2b8f7bf',
        '4dc1b786-e93a-4298-a1ce-c23b8c6bc903', 1),
       ('5e29993b-9056-49b6-89e7-5d894b1fd363', '5f669ede-5121-459d-bbbe-2a66f7d4a078',
        '9c9c5431-e475-49e0-ba99-9362fbfdf4ba', 1),
       ('6300c015-cc6c-4d9f-b9fb-ed8ef276dc98', '5f669ede-5121-459d-bbbe-2a66f7d4a078',
        'df25d33c-fe0e-4558-a9ed-335e15dac1e8', 1),
       ('65141f6d-65db-4016-8ad2-9943e2730fa9', 'f46370c0-269d-41f6-b996-9d32d60faae1',
        '4307dd24-3805-4187-89d7-18ecfc4d4db2', 1),
       ('6550db2e-22fc-4fb7-9f2a-4fb0b6db93fd', '45486d2a-fcd7-42c1-bb43-eb1fa67431b7',
        'df25d33c-fe0e-4558-a9ed-335e15dac1e8', 1),
       ('658c729c-90ec-4992-89eb-1fe8b143430c', '910dd77b-a54c-4104-bf06-73e8dc4e2a00',
        '796c57ff-7d72-4c19-99a7-9e5d55eb94f7', 1),
       ('69aab638-2546-497a-bbb7-e8f52df2b817', 'f317f5fd-52d6-40f6-a4db-d77f6177332b',
        'd2fda1ae-d51e-47be-bb30-eaaf2adce7b7', 1),
       ('6b40ba6a-e554-487a-83d6-03538656e0af', '1475c619-f651-4db8-876e-b449d8cc4d05',
        'd5c80c47-caa8-47ed-b771-6ae72dc2995e', 1),
       ('70b78d9f-8920-4ee9-a9e3-eb01503519e9', 'df25d33c-fe0e-4558-a9ed-335e15dac1e8',
        '4dc1b786-e93a-4298-a1ce-c23b8c6bc903', 1),
       ('73347e70-c795-4317-89fd-2079247fea3d', '796c57ff-7d72-4c19-99a7-9e5d55eb94f7',
        '19885a3a-b784-4167-96d6-340edef8ef39', 1),
       ('7729858f-6143-4958-b660-24d4272ebd4b', '7bd5a5a4-ff06-4140-a3a2-b70caf6fc2f5',
        '049a8328-52fe-426c-93cc-d2eb60a25475', 1),
       ('775d7745-6013-4592-8765-435b35bab77d', '7bd5a5a4-ff06-4140-a3a2-b70caf6fc2f5',
        '28b85067-c549-416b-90f5-6f7998f1e17c', 2),
       ('7800756a-c1f1-409c-b805-4eec8f0fda84', '8b439400-5dbd-403b-a3eb-5d62c721f4d8',
        '049a8328-52fe-426c-93cc-d2eb60a25475', 1),
       ('78c6723a-b19e-48dc-8821-c09a30cfab20', '19885a3a-b784-4167-96d6-340edef8ef39',
        'b7cb2e10-aa84-4745-881a-e8d7790c2a88', 1),
       ('7b30cc60-ea6c-4091-b6f8-ffd555a56b3c', '796c57ff-7d72-4c19-99a7-9e5d55eb94f7',
        '3c8708e2-298b-4b00-baec-f973ef960d61', 1),
       ('7da3e177-09e1-452f-9381-a9c854d67196', 'e3adea74-00b1-46b3-81f6-dd457d69cb51',
        '7bd5a5a4-ff06-4140-a3a2-b70caf6fc2f5', 1),
       ('807653db-924c-4d2e-843e-b5c4eafee4d2', 'b6a4971f-39f7-486b-a915-5b58ea1902b7',
        '78bb12a8-35bd-4cbf-b965-ab77b83f5308', 1),
       ('80a2fe40-37b3-4907-9c9e-6a15f5390c84', '784a2150-9a5d-4ba4-a385-66a6b2b8f7bf',
        '9c9c5431-e475-49e0-ba99-9362fbfdf4ba', 1),
       ('815e0aca-9eb3-4b61-9941-c80815c81490', '70d9667e-cdac-4719-b298-81eb175cdd72',
        '796c57ff-7d72-4c19-99a7-9e5d55eb94f7', 1),
       ('826cd994-aaca-4f1d-b8c8-9b862c33c5f0', 'df25d33c-fe0e-4558-a9ed-335e15dac1e8',
        '5f669ede-5121-459d-bbbe-2a66f7d4a078', 1),
       ('8884ed5e-0021-47a0-9fd1-72cfcf8f1b87', '5f669ede-5121-459d-bbbe-2a66f7d4a078',
        '784a2150-9a5d-4ba4-a385-66a6b2b8f7bf', 1),
       ('89dcacf8-bca4-4d29-9cad-f42344b0534e', '8b439400-5dbd-403b-a3eb-5d62c721f4d8',
        '28b85067-c549-416b-90f5-6f7998f1e17c', 2),
       ('8c175469-2009-443f-aace-df818ec4a401', '049a8328-52fe-426c-93cc-d2eb60a25475',
        'f46370c0-269d-41f6-b996-9d32d60faae1', 1),
       ('8cac0765-90cb-487b-b402-bc70ed8b2a27', 'b2150dfa-4dc8-444b-8264-1cc215a251c0',
        'd2fda1ae-d51e-47be-bb30-eaaf2adce7b7', 1),
       ('8eacc94e-d29b-4e61-bc9e-a2581f7534d7', '049a8328-52fe-426c-93cc-d2eb60a25475',
        '28b85067-c549-416b-90f5-6f7998f1e17c', 2),
       ('8ecb2b83-a530-423b-b828-7813d84e35c1', '45486d2a-fcd7-42c1-bb43-eb1fa67431b7',
        '19885a3a-b784-4167-96d6-340edef8ef39', 1),
       ('91a95459-ccfb-4547-bc11-afff6bfacc8e', '1475c619-f651-4db8-876e-b449d8cc4d05',
        '796c57ff-7d72-4c19-99a7-9e5d55eb94f7', 1),
       ('95356ee8-2ba9-4b54-9913-95275261cbda', '45486d2a-fcd7-42c1-bb43-eb1fa67431b7',
        '3c8708e2-298b-4b00-baec-f973ef960d61', 1),
       ('96e02814-7e6b-4525-85aa-ccca056ef3eb', '02fa5ebf-cf59-4099-906b-c051f16f7013',
        'e9c15d22-22ee-4638-b63f-8eaea6b5736a', 1),
       ('98aaae81-758e-4739-948e-93946af4104c', '796c57ff-7d72-4c19-99a7-9e5d55eb94f7',
        'b7cb2e10-aa84-4745-881a-e8d7790c2a88', 1),
       ('a3606ca7-2164-4693-a2e4-dab153e71089', 'd5c80c47-caa8-47ed-b771-6ae72dc2995e',
        '910dd77b-a54c-4104-bf06-73e8dc4e2a00', 1),
       ('a927c5c1-1ed7-4849-abba-e3b97e190c3a', '8d4f4224-973e-40e1-9550-368e7b16fe5e',
        '8774a151-6845-46de-91da-d1770ae9400e', 1),
       ('ac66e0f5-e531-43e3-82de-d9ebf477ea70', '784a2150-9a5d-4ba4-a385-66a6b2b8f7bf',
        'df25d33c-fe0e-4558-a9ed-335e15dac1e8', 1),
       ('b2eeb60d-f6f5-4a3e-a579-383c73b31ae1', '8b439400-5dbd-403b-a3eb-5d62c721f4d8',
        '7bd5a5a4-ff06-4140-a3a2-b70caf6fc2f5', 1),
       ('b3c70bae-20c6-4c41-af34-0a5de6189344', '3c8708e2-298b-4b00-baec-f973ef960d61',
        '45486d2a-fcd7-42c1-bb43-eb1fa67431b7', 1),
       ('b4b5294d-dc42-47a7-b90f-c83ad00a94ed', '049a8328-52fe-426c-93cc-d2eb60a25475',
        '4307dd24-3805-4187-89d7-18ecfc4d4db2', 1),
       ('b5937e6a-3153-491d-8597-717e2edde7e9', '3c8708e2-298b-4b00-baec-f973ef960d61',
        '796c57ff-7d72-4c19-99a7-9e5d55eb94f7', 1),
       ('b74e2a81-f9b7-412f-bab8-cb2380b77c57', '796c57ff-7d72-4c19-99a7-9e5d55eb94f7',
        'df25d33c-fe0e-4558-a9ed-335e15dac1e8', 1),
       ('b9df733d-2290-4371-b9a9-ee5f5e850df3', '4dc1b786-e93a-4298-a1ce-c23b8c6bc903',
        '784a2150-9a5d-4ba4-a385-66a6b2b8f7bf', 1),
       ('bcc12a64-00b4-4c75-8685-8bb4c2c895d0', 'b7cb2e10-aa84-4745-881a-e8d7790c2a88',
        '796c57ff-7d72-4c19-99a7-9e5d55eb94f7', 1),
       ('bcfd4950-0d85-4855-9338-e88580784676', 'd2fda1ae-d51e-47be-bb30-eaaf2adce7b7',
        'b2150dfa-4dc8-444b-8264-1cc215a251c0', 1),
       ('bd1d5caa-0e67-4130-a613-1b037b29af93', 'f46370c0-269d-41f6-b996-9d32d60faae1',
        '6bb9f6a6-27b1-4283-8925-e7ef284dd6af', 1),
       ('be3245bb-d9c4-4d3d-9250-c54c3364bada', 'b7cb2e10-aa84-4745-881a-e8d7790c2a88',
        '19885a3a-b784-4167-96d6-340edef8ef39', 1),
       ('be74812b-0a36-42d5-b08e-06af8c079e3a', '049a8328-52fe-426c-93cc-d2eb60a25475',
        '6bb9f6a6-27b1-4283-8925-e7ef284dd6af', 1),
       ('c1cf1740-3868-40ee-9c35-ed67d3ec6c21', '4307dd24-3805-4187-89d7-18ecfc4d4db2',
        'f46370c0-269d-41f6-b996-9d32d60faae1', 1),
       ('c30b8654-70ce-46a8-bfeb-6a903a7a2bc4', '7bd5a5a4-ff06-4140-a3a2-b70caf6fc2f5',
        '8b439400-5dbd-403b-a3eb-5d62c721f4d8', 1),
       ('c41ea68e-9a7c-48e1-b5dd-ebf50090d939', 'df25d33c-fe0e-4558-a9ed-335e15dac1e8',
        '784a2150-9a5d-4ba4-a385-66a6b2b8f7bf', 1),
       ('c8f42bd7-b91a-4b21-88f9-0d025079ee8c', '6bb9f6a6-27b1-4283-8925-e7ef284dd6af',
        '4307dd24-3805-4187-89d7-18ecfc4d4db2', 1),
       ('cf2e340f-410c-44d9-8b37-cd880daeab45', '19885a3a-b784-4167-96d6-340edef8ef39',
        'df25d33c-fe0e-4558-a9ed-335e15dac1e8', 1),
       ('d09422fd-6ff4-44ba-b482-2466a64341d6', '4dc1b786-e93a-4298-a1ce-c23b8c6bc903',
        'df25d33c-fe0e-4558-a9ed-335e15dac1e8', 1),
       ('d16ff872-2f11-470e-97b9-4030ad604e5b', 'd5c80c47-caa8-47ed-b771-6ae72dc2995e',
        '70d9667e-cdac-4719-b298-81eb175cdd72', 1),
       ('d31c32b8-c1a6-4e03-84fd-b1519ba7c43f', 'f317f5fd-52d6-40f6-a4db-d77f6177332b',
        'b2150dfa-4dc8-444b-8264-1cc215a251c0', 1),
       ('d565ca29-02ea-4eb6-926a-c6db33770b10', '8774a151-6845-46de-91da-d1770ae9400e',
        'e9c15d22-22ee-4638-b63f-8eaea6b5736a', 1),
       ('db39aa07-cd27-4afb-9428-3710c82d91ef', '049a8328-52fe-426c-93cc-d2eb60a25475',
        '8b439400-5dbd-403b-a3eb-5d62c721f4d8', 1),
       ('df04addf-3999-474f-a9ab-425b3ca05484', '02fa5ebf-cf59-4099-906b-c051f16f7013',
        '8d4f4224-973e-40e1-9550-368e7b16fe5e', 1),
       ('df3eaec5-6b7d-4a0d-9d58-f6b2593a96f4', '78bb12a8-35bd-4cbf-b965-ab77b83f5308',
        'b6a4971f-39f7-486b-a915-5b58ea1902b7', 1),
       ('e6380d1c-d17a-47d4-b18f-140d90362206', '784a2150-9a5d-4ba4-a385-66a6b2b8f7bf',
        '5f669ede-5121-459d-bbbe-2a66f7d4a078', 1),
       ('e7fb7186-ce69-444f-a5f3-9e13a59fa961', 'd5c80c47-caa8-47ed-b771-6ae72dc2995e',
        '796c57ff-7d72-4c19-99a7-9e5d55eb94f7', 1),
       ('e8afb8be-7f9e-4b7c-be07-4e4372759be7', '70d9667e-cdac-4719-b298-81eb175cdd72',
        '910dd77b-a54c-4104-bf06-73e8dc4e2a00', 1),
       ('e8e5d497-6026-4958-8a3a-395fa01b2391', '70d9667e-cdac-4719-b298-81eb175cdd72',
        '1475c619-f651-4db8-876e-b449d8cc4d05', 1),
       ('e9cc80ed-8e35-468c-b063-8c82709d3862', 'f46370c0-269d-41f6-b996-9d32d60faae1',
        '049a8328-52fe-426c-93cc-d2eb60a25475', 1),
       ('ed0aba21-3c45-4f33-ac09-1c5f53c48390', '45486d2a-fcd7-42c1-bb43-eb1fa67431b7',
        'b7cb2e10-aa84-4745-881a-e8d7790c2a88', 1),
       ('ed40fc92-afc6-42f1-8194-40f2dee5e4f9', '8774a151-6845-46de-91da-d1770ae9400e',
        '8d4f4224-973e-40e1-9550-368e7b16fe5e', 1),
       ('ee5c6677-b53a-4f95-bf5d-0d79da8883be', '4dc1b786-e93a-4298-a1ce-c23b8c6bc903',
        'baffd64c-354f-45fa-8944-6da8f6d9e615', 1),
       ('ef5900ba-426f-4192-a2cd-07571932e398', 'd2fda1ae-d51e-47be-bb30-eaaf2adce7b7',
        'f317f5fd-52d6-40f6-a4db-d77f6177332b', 1),
       ('efbbcc65-3a97-459c-862c-7dcd02369a8c', '5f669ede-5121-459d-bbbe-2a66f7d4a078',
        'baffd64c-354f-45fa-8944-6da8f6d9e615', 1),
       ('f399442c-fdba-46c3-8b11-f4c4b4756405', '7bd5a5a4-ff06-4140-a3a2-b70caf6fc2f5',
        'e3adea74-00b1-46b3-81f6-dd457d69cb51', 1),
       ('fc3903d2-0b99-489c-a80b-48c801f47f31', '1475c619-f651-4db8-876e-b449d8cc4d05',
        '910dd77b-a54c-4104-bf06-73e8dc4e2a00', 1),
       ('ff89207c-0847-4b10-9bf5-28838c6bdc51', '19885a3a-b784-4167-96d6-340edef8ef39',
        '3c8708e2-298b-4b00-baec-f973ef960d61', 1);

-- 
-- Dumping data for table product_order
--
INSERT INTO product_order
VALUES ('0aa68a52-6bde-40d4-89b1-f301805cb9de', 'a1fa9b9c-aced-4a28-8b2a-b39dc2f0e763',
        'df25d33c-fe0e-4558-a9ed-335e15dac1e8', 'cc81e73e-014b-4b32-89f8-445b9bd86abb', 359000,
        'Giày thể thao IELGY màu trắng mũi tròn phối buộc dây thời trang Hàn Quốc cho nữ', NULL, NULL,
        'https://localhost:44395/Upload/img_url_9d92eb82-16ba-4a13-a2c4-94668e352ed7.jfif', 1, 399000, 130000),
       ('0c2e34fc-419b-4e26-a872-ffda624d47af', '6650e43f-8f9c-4bf9-b2f1-74eaafcdcd20',
        '4dc1b786-e93a-4298-a1ce-c23b8c6bc903', '01a6266a-0421-422d-a83c-49e9cce9ad9d', 289000,
        'Khăn choàng hoạt tiết ô cờ MG STUDIO', NULL, NULL,
        'https://localhost:44395/Upload/img_url_70d6344a-03c2-4d48-8c37-4895d654517a.jfif', 2, 335000, 90000),
       ('12b495a2-a924-4bc7-84bb-bf896a5c42c9', 'b4b2b17a-e2b1-4a45-9ceb-889960bdb47a',
        '3c8708e2-298b-4b00-baec-f973ef960d61', '5c1b79e8-d746-4bfe-9d12-def5a66b90c6', 159000,
        'Áo thun Polo GẤU 194 Trơn Unisex vải cá sấu Poly co dãn 4 chiều dày dặn form gerular fit - PL Viền Ca Cao',
        NULL, NULL, 'https://localhost:44395/Upload/img_url_bee93bb3-701c-4ed6-afeb-b9d6781776ea.jfif', 1, 199000,
        50000),
       ('14e32bf5-b236-4ae2-ab21-d5146e089197', 'ddd65f2b-c2dc-4714-b60b-6764a80e909e',
        '784a2150-9a5d-4ba4-a385-66a6b2b8f7bf', '7f4bc36f-b877-4b62-b170-0f1a20e19c11', 299000,
        'Áo khoác phao Parka nam siêu ấm Lebro lót lông dày dặn ấm áp (LPK01-22) Thời trang mùa thu đông có mũ lông',
        NULL, NULL, 'https://localhost:44395/Upload/img_url_a3b7f854-8d14-4fba-b785-1b4c267d2aa8.jfif', 1, 350000,
        90000),
       ('153bedc9-c9ea-4847-b93f-fa4f641ac01a', '9ceddcca-c453-478c-acb0-62203df7f437',
        '28b85067-c549-416b-90f5-6f7998f1e17c', 'eb571adc-a527-4d64-b5e2-7b03304c1944', 29290000,
        'Apple iPhone 14 Pro Max 128GB', ' Deep Purple', NULL,
        'https://localhost:44395/Upload/img_url_43e46f4d-9be3-4139-b9f4-56dbb6e8351c.jfif', 1, 35000000, 21000000),
       ('15b02d6b-f8d7-453e-a512-d689d7f0a26d', 'a1fa9b9c-aced-4a28-8b2a-b39dc2f0e763',
        '784a2150-9a5d-4ba4-a385-66a6b2b8f7bf', '7f4bc36f-b877-4b62-b170-0f1a20e19c11', 299000,
        'Áo khoác phao Parka nam siêu ấm Lebro lót lông dày dặn ấm áp (LPK01-22) Thời trang mùa thu đông có mũ lông',
        NULL, NULL, 'https://localhost:44395/Upload/img_url_a3b7f854-8d14-4fba-b785-1b4c267d2aa8.jfif', 1, 350000,
        90000),
       ('1f40cb52-4ef9-4647-8992-2f5125fb6299', 'b5783f68-e40b-487d-8dec-a8c4799c9ce0',
        '1475c619-f651-4db8-876e-b449d8cc4d05', '4e7450a4-36eb-4d14-8636-000ba1e1cc49', 149000,
        'Áo Sơ Mi Trắng Tay Lỡ Thun Kiểu Form Rộng Học Sinh Cá TÍnh Ulzzang_VIETSTAR', NULL, NULL,
        'https://localhost:44395/Upload/img_url_21b566cb-3754-457f-a001-d4d99c592e40.jfif', 1, 190000, 60000),
       ('29f6c435-f765-46bd-9225-2409a3546051', '672e7d81-c8c4-4492-b696-fd8924e09986',
        'f46370c0-269d-41f6-b996-9d32d60faae1', 'ac4785be-2758-48da-91bc-4a078d3b8468', 3510500,
        'Tai nghe Bluetooth I12 v5.0 chính hãng SKYLALA không dây, Cảm ứng nhạy, âm thanh dùng cho tất cả các dòng điện thoại',
        NULL, NULL, 'https://localhost:44395/Upload/img_url_0b8a8d5d-9ba6-4365-9ffa-4b67e274995b.jfif', 1, 5950000,
        2000000),
       ('2a4aa462-2f32-4b1d-8e1a-a95e3f86a9c9', 'a65a43c7-c8c5-42e6-995a-4bb28329c189',
        '17208552-becb-43c4-b484-2f3cc4266dbc', '4dcf451b-eb56-4905-8715-23f706ca2a42', 18539000,
        'Apple iPhone 13 128GB', 'Pink', NULL,
        'https://localhost:44395/Upload/img_url_0317805a-e8c4-4ec2-a00c-c4196495120d.jfif', 1, 28990000, 14000000),
       ('2f54ce43-1f4a-43c9-8ff5-1b6e1eb849ef', 'a1fa9b9c-aced-4a28-8b2a-b39dc2f0e763',
        '4dc1b786-e93a-4298-a1ce-c23b8c6bc903', '01a6266a-0421-422d-a83c-49e9cce9ad9d', 289000,
        'Khăn choàng hoạt tiết ô cờ MG STUDIO', NULL, NULL,
        'https://localhost:44395/Upload/img_url_70d6344a-03c2-4d48-8c37-4895d654517a.jfif', 1, 335000, 90000),
       ('33c5a593-70bd-47c0-bc5f-96ac53e73449', 'b9a9f08d-a33c-47dc-ace3-70b7fc0ad86e',
        '28b85067-c549-416b-90f5-6f7998f1e17c', '9aae8cb6-f8c8-4837-af4e-0c8ba71fb22b', 29290000,
        'Apple iPhone 14 Pro Max 128GB', 'Space Black', NULL,
        'https://localhost:44395/Upload/img_url_1ef768d9-62c4-4f81-b77e-16425c9fba3c.jfif', 1, 35000000, 21000000),
       ('34f7ad6a-3d8b-42b5-8669-160a0061052e', 'b986217d-96a6-4539-b432-384528099828',
        'e3adea74-00b1-46b3-81f6-dd457d69cb51', 'e5cbceb1-553b-41ec-9e4e-70217813d1f5', 1520000,
        'Bộ Củ Cáp Sạc Nhanh Cam kết sạc nhanh tốc độ Bảo hành 24 tháng, chính hãng KTA', NULL, NULL,
        'https://localhost:44395/Upload/img_url_21d24eb2-c18c-4fbf-a9be-a1bae3585512.jfif', 1, 5250000, 550000),
       ('45b4693a-8b39-4856-bd45-d2da670a3921', '9ceddcca-c453-478c-acb0-62203df7f437',
        '61735339-55e3-4293-976e-c4bac0cda290', '082ba37e-70f2-443e-88a1-efe96ae5477c', 369000,
        'Bộ sạc Baseus Super Si sạc nhanh 3A/PD 20W nhỏ gọn tiện lợi, dành cho iPhone/iPad (kèm cáp Type-C to Lightning) Đen',
        NULL, NULL, 'https://localhost:44395/Upload/img_url_183a747f-65a6-4e84-bfe2-767939776fc8.jfif', 1, 399000,
        150000),
       ('48a69638-854d-4f67-aaaa-6a1a6189f666', 'b9a9f08d-a33c-47dc-ace3-70b7fc0ad86e',
        '8b439400-5dbd-403b-a3eb-5d62c721f4d8', '743eb76f-3688-477a-869a-03a87d9d0a12', 1520000,
        'Đế sạc không dây từ tính ip 3 trong 1 Baseus 20w sạc được điên thoại tai nghe đồng hồ watch', NULL, NULL,
        'https://localhost:44395/Upload/img_url_48a38d46-d442-4aa3-a319-c134c4a169f9.jfif', 1, 2500000, 550000),
       ('48b99f0f-8128-4271-9757-45df9fc521a5', 'b5783f68-e40b-487d-8dec-a8c4799c9ce0',
        '910dd77b-a54c-4104-bf06-73e8dc4e2a00', 'c1b00ed4-0064-457e-b02b-00939855a4e8', 199000,
        'Bình giữ nhiệt Lock&Lock Energetic one-touch 550ml - LHC3249 (4 màu)', 'đen', NULL,
        'https://localhost:44395/Upload/img_url_36e78fb2-fc47-4394-8a06-8c2442a17295.jfif', 1, 250000, 70000),
       ('49e92bcb-8b90-486f-8139-e059cbd27c57', 'b5783f68-e40b-487d-8dec-a8c4799c9ce0',
        '796c57ff-7d72-4c19-99a7-9e5d55eb94f7', 'f7b7307b-bd44-4de8-bc4c-5479941f1f87', 139000,
        'Mũ snapback màu đen trơn CAPMAN phong cách hiphop vải da lộn CM148', NULL, NULL,
        'https://localhost:44395/Upload/img_url_827d030a-7ff0-43fd-85c8-238440b70742.jfif', 1, 159000, 68000),
       ('53e87bb0-addd-43d1-922e-23ce985303f4', '672e7d81-c8c4-4492-b696-fd8924e09986',
        '4307dd24-3805-4187-89d7-18ecfc4d4db2', '9cb005bc-6006-45d5-b7ad-72c735eee132', 199000,
        'ESR Ốp Điện Thoại Kiểu Quân Đội Chống Trầy Xước Cho iPhone 14', 'Black', NULL,
        'https://localhost:44395/Upload/img_url_0e8e1aac-230e-4d43-99ff-7d4583ada622.jfif', 1, 250000, 50000),
       ('55569660-a66a-4cb6-9faf-8838ba097059', 'b9a9f08d-a33c-47dc-ace3-70b7fc0ad86e',
        '049a8328-52fe-426c-93cc-d2eb60a25475', 'd5d7bb85-8acb-4281-86a6-707e3365705d', 156000,
        'Giá đỡ điện thoại máy tính bảng gấp gọn livestream, học online, để bàn quay phim ghi hình đa năng', NULL, NULL,
        'https://localhost:44395/Upload/img_url_8d8662c1-fa33-490a-a668-9d16f242ab91.jfif', 1, 199000, 60000),
       ('66508ab7-30af-4301-97e3-73053b35797a', '09006f26-3c65-44b4-bbd8-7404d581e8cf',
        '17208552-becb-43c4-b484-2f3cc4266dbc', '4dcf451b-eb56-4905-8715-23f706ca2a42', 18539000,
        'Apple iPhone 13 128GB', 'Pink', NULL,
        'https://localhost:44395/Upload/img_url_0317805a-e8c4-4ec2-a00c-c4196495120d.jfif', 1, 28990000, 14000000),
       ('6f777e7a-caf1-46d4-8b4b-eb6e520a8881', 'b5783f68-e40b-487d-8dec-a8c4799c9ce0',
        'd5c80c47-caa8-47ed-b771-6ae72dc2995e', '33ceb9e7-1d53-43e4-a575-31f459daa572', 70000,
        'Sỉ/buôn 10 khăn quàng đỏ học sinh', NULL, NULL,
        'https://localhost:44395/Upload/img_url_6d05d06b-fd12-46cd-98fa-b0983e85dcf0.jfif', 1, 120000, 2000),
       ('71efabb2-60bc-4673-9fb1-8939da980b9d', '81cfc0e1-08f6-47fc-bebe-aede71f4c7fb',
        '8d4f4224-973e-40e1-9550-368e7b16fe5e', '32ec660d-5d6e-4c5a-b8ba-7a3cba53ea0b', 69000,
        'Vỉ 10 bút chì lục giác Deli - loại 2B/HB vẽ mỹ thuật, làm bài kiểm tra nhạy với máy chấm thi an toàn với người sử dụng',
        NULL, NULL, 'https://localhost:44395/Upload/img_url_6a5e04ee-c648-40f7-ade6-fb92d943d1d0.jfif', 1, 90000,
        25000),
       ('751cb9af-089e-4790-aed5-0b4741c655a9', '6650e43f-8f9c-4bf9-b2f1-74eaafcdcd20',
        '784a2150-9a5d-4ba4-a385-66a6b2b8f7bf', '7f4bc36f-b877-4b62-b170-0f1a20e19c11', 299000,
        'Áo khoác phao Parka nam siêu ấm Lebro lót lông dày dặn ấm áp (LPK01-22) Thời trang mùa thu đông có mũ lông',
        NULL, NULL, 'https://localhost:44395/Upload/img_url_a3b7f854-8d14-4fba-b785-1b4c267d2aa8.jfif', 3, 350000,
        90000),
       ('7631e9da-ef84-43ee-a7a0-3a4263488ee7', 'a8ad4685-34a8-4b97-9b73-e51944f70bbf',
        'b2150dfa-4dc8-444b-8264-1cc215a251c0', '5b26301a-92ab-4da6-8891-084911a9294a', 23199000,
        'Apple Macbook Air (2022) M2 chip, 13.6 inches, 8GB, 256GB SSD', 'Purple', NULL,
        'https://localhost:44395/Upload/img_url_9612e601-54b4-4d10-8f89-64605dd8b988.jfif', 1, 25000000, 15000000),
       ('76f62cc7-eed1-4d55-9c07-a9d147612fc9', 'a8ad4685-34a8-4b97-9b73-e51944f70bbf',
        'd2fda1ae-d51e-47be-bb30-eaaf2adce7b7', 'a9785575-387b-4695-9988-6b01173db0a5', 129000,
        'Chuột máy tính có dây văn phòng gaming SIDOTECH P20 giá rẻ Silent tắt âm chống ồn DPI 1200 chơi game cho laptop',
        NULL, NULL, 'https://localhost:44395/Upload/img_url_a06d761f-f438-4c98-abee-5ba5ef709047.jfif', 1, 199000,
        79000),
       ('7dc708f9-7303-4c90-bbca-e2d001f51129', 'b9a9f08d-a33c-47dc-ace3-70b7fc0ad86e',
        '28b85067-c549-416b-90f5-6f7998f1e17c', 'd2b8703f-4b46-44e8-9888-16c7b5fb32b0', 29290000,
        'Apple iPhone 14 Pro Max 128GB', 'Gold', NULL,
        'https://localhost:44395/Upload/img_url_50f3b509-fd07-4888-b4f4-a28a7ff6c825.jfif', 1, 35000000, 21000000),
       ('828d87f4-f860-4d25-b5bf-251f02082514', '81cfc0e1-08f6-47fc-bebe-aede71f4c7fb',
        'e9c15d22-22ee-4638-b63f-8eaea6b5736a', '529970f7-f5a6-4d09-b942-77fe9b1e4f6c', 7000,
        'Gôm tẩy 2B Deli - Không bụi - Màu sắc vintage - Xanh dương/Hồng/Nâu - NS151', 'Nâu', NULL,
        'https://localhost:44395/Upload/img_url_fe25447d-c952-4388-a5b4-7154715342c2.jfif', 2, 15000, 2000),
       ('8a5f9718-36b6-48b5-b05e-5aa4d2417ab6', '81cfc0e1-08f6-47fc-bebe-aede71f4c7fb',
        '8774a151-6845-46de-91da-d1770ae9400e', '3ef363bd-ae1d-4d7f-8bb9-8ce3448c516b', 50000,
        'Bút Sáp màu Thiên Long CR-C016- 12 màu', NULL, NULL,
        'https://localhost:44395/Upload/img_url_10f2ac3c-6f64-414b-8ce3-aaf776fbec7f.jfif', 1, 80000, 15000),
       ('92a163af-d951-42c3-8630-b88468d94a90', '672e7d81-c8c4-4492-b696-fd8924e09986',
        '049a8328-52fe-426c-93cc-d2eb60a25475', 'd5d7bb85-8acb-4281-86a6-707e3365705d', 156000,
        'Giá đỡ điện thoại máy tính bảng gấp gọn livestream, học online, để bàn quay phim ghi hình đa năng', NULL, NULL,
        'https://localhost:44395/Upload/img_url_8d8662c1-fa33-490a-a668-9d16f242ab91.jfif', 1, 199000, 60000),
       ('96138bab-e89f-4be2-9f2b-f350321d9b0e', 'a1fa9b9c-aced-4a28-8b2a-b39dc2f0e763',
        '9c9c5431-e475-49e0-ba99-9362fbfdf4ba', '7a7ae938-cd8d-4e9d-bc38-553ea503694b', 99000,
        'Nón MG STUDIO Bằng Cashmere Giả Giữ Ấm', NULL, NULL,
        'https://localhost:44395/Upload/img_url_fd9bc6d3-44c5-420e-87d5-8dc9c1300309.jfif', 1, 199000, 35000),
       ('962c52fe-be7e-4341-93b7-1d12d08c5d10', '672e7d81-c8c4-4492-b696-fd8924e09986',
        '6bb9f6a6-27b1-4283-8925-e7ef284dd6af', '099b28e5-fe2e-4dc4-9982-6bf49e241640', 26950000,
        'Apple iPhone 14 Plus 256 GB', 'Purple', NULL,
        'https://localhost:44395/Upload/img_url_91309fc2-021b-447a-9e6c-7a6bc0aa4b26.jfif', 1, 30990000, 22000000),
       ('9936b3fe-83dc-4f70-afbe-41191e616761', 'b4b2b17a-e2b1-4a45-9ceb-889960bdb47a',
        'df25d33c-fe0e-4558-a9ed-335e15dac1e8', 'cc81e73e-014b-4b32-89f8-445b9bd86abb', 359000,
        'Giày thể thao IELGY màu trắng mũi tròn phối buộc dây thời trang Hàn Quốc cho nữ', NULL, NULL,
        'https://localhost:44395/Upload/img_url_9d92eb82-16ba-4a13-a2c4-94668e352ed7.jfif', 1, 399000, 130000),
       ('a10b1fbe-4905-4607-9318-e3ff9de26c6c', '9ceddcca-c453-478c-acb0-62203df7f437',
        '7eedebd1-660a-4724-b149-db8a5b2f5c2c', '317f59c7-b01b-4277-852d-d0e3fcac2597', 99000,
        'Kính cường lực iphone 21D full màn 6', NULL, '7lus',
        'https://localhost:44395/Upload/img_url_8bd3b364-c531-4444-a2e4-c3d941e1c233.jfif', 1, 119000, 20000),
       ('a9a6bac6-fbd6-433e-bcea-aa1d4feb0ddd', '6650e43f-8f9c-4bf9-b2f1-74eaafcdcd20',
        'df25d33c-fe0e-4558-a9ed-335e15dac1e8', 'cc81e73e-014b-4b32-89f8-445b9bd86abb', 359000,
        'Giày thể thao IELGY màu trắng mũi tròn phối buộc dây thời trang Hàn Quốc cho nữ', NULL, NULL,
        'https://localhost:44395/Upload/img_url_9d92eb82-16ba-4a13-a2c4-94668e352ed7.jfif', 3, 399000, 130000),
       ('aa35807e-fe68-48cc-a090-6f32eaf393f6', 'b986217d-96a6-4539-b432-384528099828',
        '7bd5a5a4-ff06-4140-a3a2-b70caf6fc2f5', 'ce2cd077-6996-419b-9a2f-8e540b2786e9', 520000,
        'Pin Sạc Dự Phòng Cheero Power Plus 3 Mini CHE-059 13400mAh Hàng Chính Hãng', NULL, NULL,
        'https://localhost:44395/Upload/img_url_bcd124b8-8b2c-440c-88ce-1b5055aa7069.jfif', 1, 650000, 150000),
       ('ba26fea4-ab5e-46d8-98e4-35ed8f7404a4', 'b4b2b17a-e2b1-4a45-9ceb-889960bdb47a',
        '19885a3a-b784-4167-96d6-340edef8ef39', '0a0f2345-b216-4180-a424-061bc21accac', 219000,
        'Thắt Lưng Nam Khóa Tự Động Chống Rỉ Da Mềm Cao Cấp VICENZO, Dây Thắt Lưng Nam Có Bảo Hành Cam Kết Lỗi 1 Đổi 1',
        NULL, NULL, 'https://localhost:44395/Upload/img_url_a8a5eec7-2772-4914-a681-4415a60207ef.jfif', 1, 339000,
        80000),
       ('c457ea5f-caaf-4ae8-9d41-9e17b5bb8d3b', 'b5783f68-e40b-487d-8dec-a8c4799c9ce0',
        '70d9667e-cdac-4719-b298-81eb175cdd72', '8c97ef3a-99d0-4487-af30-0beb564edb92', 99000,
        'Hộp Bút Đựng Viết Mini Nam Nữ Siêu Bền Đẹp local brand M Studio', NULL, NULL,
        'https://localhost:44395/Upload/img_url_9acf085e-75de-494e-8d40-b722d89e4c15.jfif', 1, 139000, 25000),
       ('c544bae2-d9ff-4f7d-bd26-b6ef79afc26d', 'a1fa9b9c-aced-4a28-8b2a-b39dc2f0e763',
        '5f669ede-5121-459d-bbbe-2a66f7d4a078', '4799453f-12fa-46b5-97dd-55e0b3a85d21', 256000,
        'Áo len nam cao cổ SUKIYA chất dày dặn phong cách hàn quốc mới nhất 2020 AL11', 'trắng', NULL,
        'https://localhost:44395/Upload/img_url_d26f969c-9490-498a-91fd-f979f7b79bd4.jfif', 1, 390000, 90000),
       ('c702b107-c9ef-4e3f-a565-c01148ecfc66', 'b4b2b17a-e2b1-4a45-9ceb-889960bdb47a',
        '45486d2a-fcd7-42c1-bb43-eb1fa67431b7', 'ce856eff-63ae-4afe-ad4d-7e703c3f2f94', 329000,
        'Quần Baggy Kaki unisex N7 Basic nam nữ cạp chun ống rộng phong cách Hàn Quốc ulzzang', 'Be', NULL,
        'https://localhost:44395/Upload/img_url_2e104ba2-2362-438b-927c-70cee79063b1.jfif', 1, 399000, 100000),
       ('c7c831a7-2189-4859-88b9-b946de2aa02d', 'b4b2b17a-e2b1-4a45-9ceb-889960bdb47a',
        '796c57ff-7d72-4c19-99a7-9e5d55eb94f7', 'f7b7307b-bd44-4de8-bc4c-5479941f1f87', 139000,
        'Mũ snapback màu đen trơn CAPMAN phong cách hiphop vải da lộn CM148', NULL, NULL,
        'https://localhost:44395/Upload/img_url_827d030a-7ff0-43fd-85c8-238440b70742.jfif', 1, 159000, 68000),
       ('c7cbfd9d-0b0c-42e0-8da4-6bce10c2775c', 'b9a9f08d-a33c-47dc-ace3-70b7fc0ad86e',
        '7bd5a5a4-ff06-4140-a3a2-b70caf6fc2f5', 'ce2cd077-6996-419b-9a2f-8e540b2786e9', 520000,
        'Pin Sạc Dự Phòng Cheero Power Plus 3 Mini CHE-059 13400mAh Hàng Chính Hãng', NULL, NULL,
        'https://localhost:44395/Upload/img_url_bcd124b8-8b2c-440c-88ce-1b5055aa7069.jfif', 1, 650000, 150000),
       ('d052823f-99b5-4bf1-8990-fd59611f9c28', '9fd0c663-45e8-4255-85ae-ca70d125ad16',
        '28b85067-c549-416b-90f5-6f7998f1e17c', '9aae8cb6-f8c8-4837-af4e-0c8ba71fb22b', 29290000,
        'Apple iPhone 14 Pro Max 128GB', 'Space Black', NULL,
        'https://localhost:44395/Upload/img_url_1ef768d9-62c4-4f81-b77e-16425c9fba3c.jfif', 1, 35000000, 21000000),
       ('d7227aee-0086-478e-b1cf-f79d86383da1', 'b4b2b17a-e2b1-4a45-9ceb-889960bdb47a',
        'b7cb2e10-aa84-4745-881a-e8d7790c2a88', '79930f13-01b1-4744-a309-f4e836b37326', 259000,
        'Dép nam RỒNG VIÊT RV2,thiết kế độc,cá tính,màu siêu lạ,độ bền cao,đế êm và ôm chân,da mềm độ bền cao', NULL,
        NULL, 'https://localhost:44395/Upload/img_url_9f22f002-e570-451f-9d50-b56ce18511b6.jfif', 1, 299000, 50000),
       ('d7491d72-1ac5-48f7-b43a-eacb714d79a5', '6650e43f-8f9c-4bf9-b2f1-74eaafcdcd20',
        '5f669ede-5121-459d-bbbe-2a66f7d4a078', '4799453f-12fa-46b5-97dd-55e0b3a85d21', 256000,
        'Áo len nam cao cổ SUKIYA chất dày dặn phong cách hàn quốc mới nhất 2020 AL11', 'trắng', NULL,
        'https://localhost:44395/Upload/img_url_d26f969c-9490-498a-91fd-f979f7b79bd4.jfif', 2, 390000, 90000),
       ('e629416a-808b-45e3-98ac-a4fbe8a27608', '81cfc0e1-08f6-47fc-bebe-aede71f4c7fb',
        '02fa5ebf-cf59-4099-906b-c051f16f7013', '324dfd58-6651-4802-bd2f-96c9a7c8313e', 350000,
        'Giấy in photo A4 IK Copy IK-01- ĐỊnh lượng 70 gsm- 500 tờ/ream- chất lượng cao', NULL, NULL,
        'https://localhost:44395/Upload/img_url_06535cf1-460b-4b9d-898d-c8374c1ac7e9.jfif', 1, 500000, 150000),
       ('e88bcc68-24a7-409f-b786-f556b4a60946', 'a1fa9b9c-aced-4a28-8b2a-b39dc2f0e763',
        'baffd64c-354f-45fa-8944-6da8f6d9e615', '399c99e2-728e-4fd3-a4c7-71e7213317d0', 289000,
        'Quần nỉ jogger bo ống Dài Nữ UNDERCOOL Trơn Kiểu Joger nữ Bo Gấu Chất Nỉ Da Cá', NULL, NULL,
        'https://localhost:44395/Upload/img_url_fc663be7-2918-45e7-83b2-02c6434165bb.jfif', 1, 350000, 125000),
       ('ee4696c6-8479-491b-8bba-2272f4496327', 'a8ad4685-34a8-4b97-9b73-e51944f70bbf',
        'f317f5fd-52d6-40f6-a4db-d77f6177332b', '35aad116-f967-4941-8759-9f20a1cc75b9', 79000,
        'Miếng Lót Chuột FONKEN Làm Từ Đệm Xốp Đàn Hồi Có Bệ Kê Cổ Tay Thoải Mái', 'Red', NULL,
        'https://localhost:44395/Upload/img_url_9faa1bf7-6459-49ff-9966-1e77aad53b11.jfif', 1, 99000, 30000),
       ('f03437b5-edb0-43d7-ac23-23254be2ab66', '8d7b8028-bd27-4710-bd6b-9882f90aec8f',
        '28b85067-c549-416b-90f5-6f7998f1e17c', 'd2b8703f-4b46-44e8-9888-16c7b5fb32b0', 29290000,
        'Apple iPhone 14 Pro Max 128GB', 'Gold', NULL,
        'https://localhost:44395/Upload/img_url_50f3b509-fd07-4888-b4f4-a28a7ff6c825.jfif', 1, 35000000, 21000000),
       ('f62b5d05-5b21-4cb1-a4d3-a33c58dc2573', '86221f87-c4be-45e9-b204-d035d94e9f66',
        '28b85067-c549-416b-90f5-6f7998f1e17c', 'd2b8703f-4b46-44e8-9888-16c7b5fb32b0', 29290000,
        'Apple iPhone 14 Pro Max 128GB', 'Gold', NULL,
        'https://localhost:44395/Upload/img_url_50f3b509-fd07-4888-b4f4-a28a7ff6c825.jfif', 1, 35000000, 21000000);

-- 
-- Dumping data for table product_detail
--
INSERT INTO product_detail
VALUES ('01a6266a-0421-422d-a83c-49e9cce9ad9d', '4dc1b786-e93a-4298-a1ce-c23b8c6bc903',
        'https://localhost:44395/Upload/img_url_70d6344a-03c2-4d48-8c37-4895d654517a.jfif', 289000, 90000, NULL, NULL,
        562, '2023-02-22 18:24:15', 13.73, 335000),
       ('082ba37e-70f2-443e-88a1-efe96ae5477c', '61735339-55e3-4293-976e-c4bac0cda290',
        'https://localhost:44395/Upload/img_url_183a747f-65a6-4e84-bfe2-767939776fc8.jfif', 369000, 150000, NULL, NULL,
        122, '2023-02-22 19:47:21', 7.52, 399000),
       ('099b28e5-fe2e-4dc4-9982-6bf49e241640', '6bb9f6a6-27b1-4283-8925-e7ef284dd6af',
        'https://localhost:44395/Upload/img_url_91309fc2-021b-447a-9e6c-7a6bc0aa4b26.jfif', 26950000, 22000000, NULL,
        'Purple', 10, '2023-02-21 23:17:06', 13.00, 30990000),
       ('0a0f2345-b216-4180-a424-061bc21accac', '19885a3a-b784-4167-96d6-340edef8ef39',
        'https://localhost:44395/Upload/img_url_a8a5eec7-2772-4914-a681-4415a60207ef.jfif', 219000, 80000, NULL, NULL,
        897, '2023-02-22 18:31:27', 35.40, 339000),
       ('0a5a68dc-909e-4a99-8b93-e335a31d577d', 'f317f5fd-52d6-40f6-a4db-d77f6177332b',
        'https://localhost:44395/Upload/img_url_dfdae79f-74d4-4fcb-89f3-7c7bf20720fb.jfif', 79000, 30000, NULL, 'Green',
        5665, '2023-02-22 19:33:36', 20.20, 99000),
       ('0e8c9c59-bbd6-49c1-8e6c-062fe4bf6bc6', '910dd77b-a54c-4104-bf06-73e8dc4e2a00',
        'https://localhost:44395/Upload/img_url_36e78fb2-fc47-4394-8a06-8c2442a17295.jfif', 199000, 70000, NULL, 'Hồng',
        6556, '2023-02-22 17:44:13', 20.40, 250000),
       ('0ffa9c56-890e-44f6-9ef2-0bb9a73813db', 'f03ff3c5-a8ad-41f8-a61f-f0ef2741e1f0',
        'https://localhost:44395/Upload/img_url_655ca66f-9a40-4425-8990-0b218b02ddf5.jfif', 169000, 60000, NULL,
        'Space Black', 343, '2023-02-22 19:51:28', 10.58, 189000),
       ('11b2ef45-ad45-4c91-b0f1-d863db957f94', '6bb9f6a6-27b1-4283-8925-e7ef284dd6af',
        'https://localhost:44395/Upload/img_url_91309fc2-021b-447a-9e6c-7a6bc0aa4b26.jfif', 26750000, 22000000, NULL,
        'Blue', 12, '2023-02-21 23:17:06', 14.00, 30990000),
       ('1b10a41e-51e1-4d65-b911-1f8ed74a20c9', '17208552-becb-43c4-b484-2f3cc4266dbc',
        'https://localhost:44395/Upload/img_url_792c17d7-67a2-4a07-b6f4-c68d6653f2d0.jfif', 18539000, 14000000, NULL,
        'Green', 19, '2023-02-21 23:04:24', 36.00, 28990000),
       ('1db6545c-0cfe-4612-a3d8-1e2a35822c51', '9b092f54-d170-40a5-ac93-899a2a10f48f',
        'https://localhost:44395/Upload/img_url_31d32ca2-ab0c-427c-a66d-78ac52d07569.jfif', 39000, 2000, NULL, NULL,
        676, '2023-02-22 17:49:33', 22.00, 50000),
       ('215fa749-00fd-48a9-9a5e-094c9f47b682', '78bb12a8-35bd-4cbf-b965-ab77b83f5308',
        'https://localhost:44395/Upload/img_url_5ff7ac95-feb6-4614-963e-ceb78c2ac9eb.jfif', 379000, 120000, NULL, NULL,
        6565, '2023-02-22 19:30:33', 5.01, 399000),
       ('23a3a5a3-ba65-4c8c-b501-84da44d32629', 'aba66651-1f2f-48e4-948e-0804c2ea1109',
        'https://localhost:44395/Upload/img_url_d527feff-8ef5-44ea-a33f-93e07dbe64dc.jfif', 79000, 25000, NULL, NULL,
        565, '2023-02-22 18:27:26', 12.22, 90000),
       ('25680fa0-a63a-4520-9d4c-79024258e23a', 'f3a40f88-648a-4b92-a5f4-0fcc8b9f9fe7',
        'https://localhost:44395/Upload/img_url_67121e87-1983-449b-a300-c0cfe65ca3b2.jfif', 15990000, 10000000, NULL,
        'Black', 20, '2023-02-21 23:27:39', 34.71, 24490000),
       ('29bbd0ef-e2c1-43d8-8348-ec0d067d0f0c', '5059f3b6-0880-4818-820b-1186795290d2',
        'https://localhost:44395/Upload/img_url_1c5ce5bb-9a13-4916-9782-848fa1a2849c.jfif', 199000, 100000, NULL,
        'Kem sữa', 6454, '2023-02-22 18:02:55', 23.17, 259000),
       ('2e9d9146-48c6-4d87-82ce-d46eabfe90d0', '9b627b22-bdcf-4a56-9563-7afb0c035911',
        'https://localhost:44395/Upload/img_url_da388afd-10ad-42cf-a617-6c56038da602.jfif', 129000, 20000, NULL, NULL,
        565, '2023-02-22 17:46:22', 35.50, 200000),
       ('300d3668-8d13-4f4e-9091-66bf97a95afa', 'bb4ede30-c42f-46bf-a742-a3ebd5f52083',
        'https://localhost:44395/Upload/img_url_fdded151-87c7-4f9c-b0eb-99000f055286.jfif', 320000, 250000, NULL,
        'White', 56, '2023-02-22 17:28:49', 38.46, 520000),
       ('317f59c7-b01b-4277-852d-d0e3fcac2597', '7eedebd1-660a-4724-b149-db8a5b2f5c2c',
        'https://localhost:44395/Upload/img_url_8bd3b364-c531-4444-a2e4-c3d941e1c233.jfif', 99000, 20000, '7lus', NULL,
        453, '2023-02-22 19:56:08', 16.81, 119000),
       ('324dfd58-6651-4802-bd2f-96c9a7c8313e', '02fa5ebf-cf59-4099-906b-c051f16f7013',
        'https://localhost:44395/Upload/img_url_06535cf1-460b-4b9d-898d-c8374c1ac7e9.jfif', 350000, 150000, NULL, NULL,
        79999, '2023-02-22 17:37:51', 30.00, 500000),
       ('32ec660d-5d6e-4c5a-b8ba-7a3cba53ea0b', '8d4f4224-973e-40e1-9550-368e7b16fe5e',
        'https://localhost:44395/Upload/img_url_6a5e04ee-c648-40f7-ade6-fb92d943d1d0.jfif', 69000, 25000, NULL, NULL,
        453, '2023-02-22 17:56:10', 23.33, 90000),
       ('33ceb9e7-1d53-43e4-a575-31f459daa572', 'd5c80c47-caa8-47ed-b771-6ae72dc2995e',
        'https://localhost:44395/Upload/img_url_6d05d06b-fd12-46cd-98fa-b0983e85dcf0.jfif', 70000, 2000, NULL, NULL,
        999, '2023-02-22 17:34:30', 41.67, 120000),
       ('34747fd8-0a15-4097-8814-844114632c93', '87dc0196-2c12-4ff4-afd7-02a75f41eb2c',
        'https://localhost:44395/Upload/img_url_7ddb2355-8640-470d-bfcb-870fe780cc1d.jfif', 119000, 55000, NULL, NULL,
        676, '2023-02-22 17:48:31', 52.40, 250000),
       ('34e477b9-7596-4d69-8cde-3db0185f325e', 'b490458c-3410-4f8c-b67f-f311c78822e3',
        'https://localhost:44395/Upload/img_url_9ffb9756-dc15-4eeb-b630-45b4d940752f.jfif', 14000000, 12000000, NULL,
        'Space Black', 0, '2023-02-21 23:35:52', 53.33, 30000000),
       ('35aad116-f967-4941-8759-9f20a1cc75b9', 'f317f5fd-52d6-40f6-a4db-d77f6177332b',
        'https://localhost:44395/Upload/img_url_9faa1bf7-6459-49ff-9966-1e77aad53b11.jfif', 79000, 30000, NULL, 'Red',
        5664, '2023-02-22 19:33:36', 20.20, 99000),
       ('3684affb-dc60-4ae7-b74e-4a4991966d61', 'b6a4971f-39f7-486b-a915-5b58ea1902b7',
        'https://localhost:44395/Upload/img_url_1adb46b1-7f8a-4308-824d-d8efadcb1fe9.jfif', 299000, 100000, NULL, NULL,
        5645, '2023-02-22 18:11:33', 14.57, 350000),
       ('3b8880bb-d930-4b6e-8c6e-36c7bc7c4824', '6bb9f6a6-27b1-4283-8925-e7ef284dd6af',
        'https://localhost:44395/Upload/img_url_91309fc2-021b-447a-9e6c-7a6bc0aa4b26.jfif', 26750000, 22000000, NULL,
        'Starlight', 13, '2023-02-21 23:17:06', 14.00, 30990000),
       ('3c432f1b-f601-4329-a860-7883550ebfb1', '7eedebd1-660a-4724-b149-db8a5b2f5c2c',
        'https://localhost:44395/Upload/img_url_8bd3b364-c531-4444-a2e4-c3d941e1c233.jfif', 99000, 20000, '6plus', NULL,
        454, '2023-02-22 19:56:08', 16.81, 119000),
       ('3ef363bd-ae1d-4d7f-8bb9-8ce3448c516b', '8774a151-6845-46de-91da-d1770ae9400e',
        'https://localhost:44395/Upload/img_url_10f2ac3c-6f64-414b-8ce3-aaf776fbec7f.jfif', 50000, 15000, NULL, NULL,
        688, '2023-02-22 17:36:03', 37.50, 80000),
       ('44f0d490-ac94-4df3-ab6b-0201a808de47', '058bd94f-72a9-4ec1-9800-86c209316669',
        'https://localhost:44395/Upload/img_url_7f43e91d-5e8b-4555-808f-73907d51853c.jfif', 702260, 300000, 'Nữ',
        'Black', 30, '2023-03-11 23:02:42', 26.00, 949000),
       ('4799453f-12fa-46b5-97dd-55e0b3a85d21', '5f669ede-5121-459d-bbbe-2a66f7d4a078',
        'https://localhost:44395/Upload/img_url_d26f969c-9490-498a-91fd-f979f7b79bd4.jfif', 256000, 90000, NULL,
        'trắng', 765, '2023-02-22 18:22:50', 34.36, 390000),
       ('4821d3eb-486e-47be-ae24-3f7542089579', 'bb4ede30-c42f-46bf-a742-a3ebd5f52083',
        'https://localhost:44395/Upload/img_url_fdded151-87c7-4f9c-b0eb-99000f055286.jfif', 320000, 250000, NULL,
        'Black', 56, '2023-02-22 17:28:49', 38.46, 520000),
       ('484e7b20-9049-4550-a413-c0249424d40e', '062e24bc-bce3-47fc-93a6-e494ac553475',
        'https://localhost:44395/Upload/img_url_14c96206-72e7-4210-b08a-e26e0310e5e9.jfif', 119000, 59000, NULL, NULL,
        576, '2023-02-22 18:32:51', 14.39, 139000),
       ('4bc7ea13-9bb8-427b-a298-1341de59ec86', '910dd77b-a54c-4104-bf06-73e8dc4e2a00',
        'https://localhost:44395/Upload/img_url_36e78fb2-fc47-4394-8a06-8c2442a17295.jfif', 199000, 70000, NULL,
        'trắng', 0, '2023-02-22 17:44:13', 20.40, 250000),
       ('4dcf451b-eb56-4905-8715-23f706ca2a42', '17208552-becb-43c4-b484-2f3cc4266dbc',
        'https://localhost:44395/Upload/img_url_0317805a-e8c4-4ec2-a00c-c4196495120d.jfif', 18539000, 14000000, NULL,
        'Pink', 9, '2023-02-21 23:04:24', 36.00, 28990000),
       ('4e7450a4-36eb-4d14-8636-000ba1e1cc49', '1475c619-f651-4db8-876e-b449d8cc4d05',
        'https://localhost:44395/Upload/img_url_21b566cb-3754-457f-a001-d4d99c592e40.jfif', 149000, 60000, NULL, NULL,
        44, '2023-02-22 17:31:14', 21.58, 190000),
       ('529970f7-f5a6-4d09-b942-77fe9b1e4f6c', 'e9c15d22-22ee-4638-b63f-8eaea6b5736a',
        'https://localhost:44395/Upload/img_url_fe25447d-c952-4388-a5b4-7154715342c2.jfif', 7000, 2000, NULL, 'Nâu',
        150, '2023-02-22 17:54:53', 53.33, 15000),
       ('57785afe-dfd7-4988-828e-a32c850a7572', '93fda1fa-27bc-4f28-be35-19187feb28aa',
        'https://localhost:44395/Upload/img_url_2f7254f2-1cca-429b-8fd3-52dde52224bf.jfif', 259000, 79000, NULL,
        'Xám đậm', 0, '2023-02-22 18:29:22', 13.38, 299000),
       ('5b26301a-92ab-4da6-8891-084911a9294a', 'b2150dfa-4dc8-444b-8264-1cc215a251c0',
        'https://localhost:44395/Upload/img_url_9612e601-54b4-4d10-8f89-64605dd8b988.jfif', 23199000, 15000000, NULL,
        'Purple', 450, '2023-02-22 19:44:24', 7.20, 25000000),
       ('5c1b79e8-d746-4bfe-9d12-def5a66b90c6', '3c8708e2-298b-4b00-baec-f973ef960d61',
        'https://localhost:44395/Upload/img_url_bee93bb3-701c-4ed6-afeb-b9d6781776ea.jfif', 159000, 50000, NULL, NULL,
        767, '2023-02-22 18:34:18', 20.10, 199000),
       ('695b4b9b-0548-4b60-81a4-967c5833ce5f', '058bd94f-72a9-4ec1-9800-86c209316669',
        'https://localhost:44395/Upload/img_url_7f43e91d-5e8b-4555-808f-73907d51853c.jfif', 749000, 300000, 'Nam',
        'Black', 30, '2023-03-11 23:02:42', 29.00, 1050000),
       ('6a24bda4-48dd-427f-8e56-0dfed50c24a8', 'ec08cf2e-ad65-4533-a473-ebd1845d3678',
        'https://localhost:44395/Upload/img_url_77d5c519-38c9-4bf1-9894-24793789a14b.jfif', 199990, 25000, NULL, NULL,
        565, '2023-02-22 18:15:44', 42.86, 350000),
       ('6c75724f-666e-4815-888b-7300e94140ff', 'f3a40f88-648a-4b92-a5f4-0fcc8b9f9fe7',
        'https://localhost:44395/Upload/img_url_67121e87-1983-449b-a300-c0cfe65ca3b2.jfif', 15990000, 10000000, NULL,
        'White', 0, '2023-02-21 23:27:39', 34.71, 24490000),
       ('6dd05056-db36-48ca-a313-197a5df88ea9', '6bb9f6a6-27b1-4283-8925-e7ef284dd6af',
        'https://localhost:44395/Upload/img_url_91309fc2-021b-447a-9e6c-7a6bc0aa4b26.jfif', 26750000, 22000000, NULL,
        ' Midnight', 15, '2023-02-21 23:17:06', 14.00, 30990000),
       ('709b34a2-5af1-4575-99f0-6a9c6a2c1903', '3bf57cc4-21b1-4b54-9781-3ea041ff60d2',
        'https://localhost:44395/Upload/img_url_abd6fb1c-efdf-4370-8efd-f2c8ac65a3a0.jfif', 339000, 41000, NULL, NULL,
        465, '2023-02-22 17:57:41', 8.13, 369000),
       ('743eb76f-3688-477a-869a-03a87d9d0a12', '8b439400-5dbd-403b-a3eb-5d62c721f4d8',
        'https://localhost:44395/Upload/img_url_48a38d46-d442-4aa3-a319-c134c4a169f9.jfif', 1520000, 550000, NULL, NULL,
        87, '2023-02-21 23:46:28', 39.20, 2500000),
       ('7539c250-7d0f-4301-bc1b-fd4b23f9b414', '28b85067-c549-416b-90f5-6f7998f1e17c',
        'https://localhost:44395/Upload/img_url_d9251503-4772-4ad7-9f81-3a59d222d329.jfif', 29490000, 21000000, NULL,
        'Silver', 11, '2023-02-21 22:12:33', 16.00, 35000000),
       ('79930f13-01b1-4744-a309-f4e836b37326', 'b7cb2e10-aa84-4745-881a-e8d7790c2a88',
        'https://localhost:44395/Upload/img_url_9f22f002-e570-451f-9d50-b56ce18511b6.jfif', 259000, 50000, NULL, NULL,
        766, '2023-02-22 18:25:23', 13.38, 299000),
       ('7b070258-2bfc-4b84-b351-5c5c85f371cc', '99e261b7-7398-45c4-bd22-1f8386121219',
        'https://localhost:44395/Upload/img_url_12f78709-594c-49c7-bd6b-978d0b1219fe.jfif', 159000, 65000, NULL, NULL,
        7667, '2023-02-22 18:14:26', 20.10, 199000),
       ('7f4bc36f-b877-4b62-b170-0f1a20e19c11', '784a2150-9a5d-4ba4-a385-66a6b2b8f7bf',
        'https://localhost:44395/Upload/img_url_a3b7f854-8d14-4fba-b785-1b4c267d2aa8.jfif', 299000, 90000, NULL, NULL,
        5661, '2023-02-22 18:12:54', 14.57, 350000),
       ('819b7e64-9fc1-4e41-be24-d9060503c7f6', '74580a80-bba8-4dae-9f4f-ee2680a7131d',
        'https://localhost:44395/Upload/img_url_248ad5a9-c6f5-4053-98ed-1bc0d98d8812.jfif', 260000, 125000, NULL, NULL,
        989, '2023-02-22 18:09:52', 25.71, 350000),
       ('81f2113c-fd84-470c-a145-e4e77cfd60ab', 'c84d995d-7150-4f82-963a-b9d56ad9bb80',
        'https://localhost:44395/Upload/img_url_1ce785af-cc79-4e79-8326-1d3dc6bd4cd7.jfif', 299000, 120000, NULL, NULL,
        676, '2023-02-22 18:17:10', 14.57, 350000),
       ('85d9abfb-15a5-4f6c-9c25-411fb917857f', '7eedebd1-660a-4724-b149-db8a5b2f5c2c',
        'https://localhost:44395/Upload/img_url_8bd3b364-c531-4444-a2e4-c3d941e1c233.jfif', 99000, 20000, '6s', NULL,
        454, '2023-02-22 19:56:08', 16.81, 119000),
       ('85fc6239-d525-470e-a38e-661e212295a5', '5f669ede-5121-459d-bbbe-2a66f7d4a078',
        'https://localhost:44395/Upload/img_url_2e3c3d56-c82c-4b9f-ba9b-d09b3ea89796.jfif', 256000, 90000, NULL,
        'xanh dương', 0, '2023-02-22 18:22:50', 34.36, 390000),
       ('8c97ef3a-99d0-4487-af30-0beb564edb92', '70d9667e-cdac-4719-b298-81eb175cdd72',
        'https://localhost:44395/Upload/img_url_9acf085e-75de-494e-8d40-b722d89e4c15.jfif', 99000, 25000, NULL, NULL,
        5654, '2023-02-22 17:51:22', 28.78, 139000),
       ('8e042257-a29a-427a-a185-1bb9f043fa0c', '3afc4668-7518-43f7-b62f-04ad4cdcde24',
        'https://localhost:44395/Upload/img_url_799c338f-757c-4503-802e-0a9a4de120ad.jfif', 139000, 25000, NULL, NULL,
        575, '2023-02-22 19:24:50', 29.80, 198000),
       ('9074e9a7-b52f-443e-8181-7f0c5f55842e', '4307dd24-3805-4187-89d7-18ecfc4d4db2',
        'https://localhost:44395/Upload/img_url_0e8e1aac-230e-4d43-99ff-7d4583ada622.jfif', 199000, 50000, NULL,
        'White', 0, '2023-02-21 23:55:28', 20.40, 250000),
       ('91ab95b6-03a1-41de-8498-d095713d2350', '17208552-becb-43c4-b484-2f3cc4266dbc',
        'https://localhost:44395/Upload/img_url_407a8bc9-5459-41e5-803e-2efc892f0e48.jfif', 18539000, 14000000, NULL,
        'Blue', 50, '2023-02-21 23:04:24', 36.00, 28990000),
       ('975857d3-dfde-4d64-adcc-0f678c2d90c9', 'f3a40f88-648a-4b92-a5f4-0fcc8b9f9fe7',
        'https://localhost:44395/Upload/img_url_67121e87-1983-449b-a300-c0cfe65ca3b2.jfif', 15990000, 10000000, NULL,
        'Blue', 0, '2023-02-21 23:27:39', 34.71, 24490000),
       ('99f833bd-beab-4b69-afbe-2ee01871659a', 'b2150dfa-4dc8-444b-8264-1cc215a251c0',
        'https://localhost:44395/Upload/img_url_5a86e817-b055-4347-a63a-9f06f3c538fb.jfif', 23199000, 15000000, NULL,
        'Green', 455, '2023-02-22 19:44:24', 7.20, 25000000),
       ('9aae8cb6-f8c8-4837-af4e-0c8ba71fb22b', '28b85067-c549-416b-90f5-6f7998f1e17c',
        'https://localhost:44395/Upload/img_url_1ef768d9-62c4-4f81-b77e-16425c9fba3c.jfif', 29290000, 21000000, NULL,
        'Space Black', 206, '2023-02-21 22:12:33', 16.00, 35000000),
       ('9c30c6d3-15fb-4010-a133-e6e5162c03e8', '058bd94f-72a9-4ec1-9800-86c209316669',
        'https://localhost:44395/Upload/img_url_7f43e91d-5e8b-4555-808f-73907d51853c.jfif', 745500, 300000, 'Nam',
        'Gold', 30, '2023-03-11 23:02:42', 29.00, 1050000),
       ('9cb005bc-6006-45d5-b7ad-72c735eee132', '4307dd24-3805-4187-89d7-18ecfc4d4db2',
        'https://localhost:44395/Upload/img_url_0e8e1aac-230e-4d43-99ff-7d4583ada622.jfif', 199000, 50000, NULL,
        'Black', 44, '2023-02-21 23:55:28', 20.40, 250000),
       ('a3b603da-a8ee-4605-a860-19b6ab192f5b', 'e9c15d22-22ee-4638-b63f-8eaea6b5736a',
        'https://localhost:44395/Upload/img_url_fe25447d-c952-4388-a5b4-7154715342c2.jfif', 7000, 2000, NULL,
        'xanh dương', 0, '2023-02-22 17:54:53', 53.33, 15000),
       ('a9785575-387b-4695-9988-6b01173db0a5', 'd2fda1ae-d51e-47be-bb30-eaaf2adce7b7',
        'https://localhost:44395/Upload/img_url_a06d761f-f438-4c98-abee-5ba5ef709047.jfif', 129000, 79000, NULL, NULL,
        564, '2023-02-22 19:36:05', 35.18, 199000),
       ('ac4785be-2758-48da-91bc-4a078d3b8468', 'f46370c0-269d-41f6-b996-9d32d60faae1',
        'https://localhost:44395/Upload/img_url_0b8a8d5d-9ba6-4365-9ffa-4b67e274995b.jfif', 3510500, 2000000, NULL,
        NULL, 87, '2023-02-21 23:42:33', 41.00, 5950000),
       ('ac5c88b2-67c7-46a8-a6e2-89c91b99d174', '5c633c1f-0737-438d-a003-ce8e41167d34',
        'https://localhost:44395/Upload/img_url_ce53e401-edb4-48d8-9bf9-f5630712b7a4.jfif', 299000, 100000, NULL, NULL,
        676, '2023-02-22 18:19:29', 14.57, 350000),
       ('ad716831-bed9-421f-bfbc-b306dbbfc408', '45486d2a-fcd7-42c1-bb43-eb1fa67431b7',
        'https://localhost:44395/Upload/img_url_07db0b47-f391-47bc-93f2-39902a1cd2f3.jfif', 329000, 100000, NULL, 'đen',
        0, '2023-02-22 18:00:17', 17.54, 399000),
       ('b1dd07ba-b0a7-41bb-9b32-981e6528648a', '17208552-becb-43c4-b484-2f3cc4266dbc',
        'https://localhost:44395/Upload/img_url_7492c0b9-30ad-495a-8bd6-0296c5cb9648.jfif', 18539000, 14000000, NULL,
        ' Midnight', 40, '2023-02-21 23:04:24', 36.00, 28990000),
       ('b530712d-e22e-499e-b377-5780626c3017', 'f03ff3c5-a8ad-41f8-a61f-f0ef2741e1f0',
        'https://localhost:44395/Upload/img_url_506bc501-aef3-4f33-af44-d34621714ba8.jfif', 169000, 60000, NULL,
        'Black', 343, '2023-02-22 19:51:28', 10.58, 189000),
       ('b9c4c3bd-d7e5-45aa-8b71-23d2f76d951d', '93fda1fa-27bc-4f28-be35-19187feb28aa',
        'https://localhost:44395/Upload/img_url_806dd3b1-f277-4553-90b9-b55471b2dbf3.jfif', 259000, 79000, NULL,
        'Kem sữa', 6767, '2023-02-22 18:29:22', 13.38, 299000),
       ('bc139873-589b-45be-b61e-4cea6f3424ac', 'b490458c-3410-4f8c-b67f-f311c78822e3',
        'https://localhost:44395/Upload/img_url_9ffb9756-dc15-4eeb-b630-45b4d940752f.jfif', 14000000, 12000000, NULL,
        'Red', 15, '2023-02-21 23:35:52', 53.33, 30000000),
       ('c1b00ed4-0064-457e-b02b-00939855a4e8', '910dd77b-a54c-4104-bf06-73e8dc4e2a00',
        'https://localhost:44395/Upload/img_url_36e78fb2-fc47-4394-8a06-8c2442a17295.jfif', 199000, 70000, NULL, 'đen',
        866, '2023-02-22 17:44:13', 20.40, 250000),
       ('c22e1565-c77b-4fc5-84da-f0be54a6a4f7', '5059f3b6-0880-4818-820b-1186795290d2',
        'https://localhost:44395/Upload/img_url_0ade07cd-c274-4524-a26d-7c58e16475f2.jfif', 199000, 100000, NULL,
        'Xám đậm', 6454, '2023-02-22 18:02:55', 23.17, 259000),
       ('c89bfcf5-9deb-4b97-970e-582b9a2c59d1', 'b490458c-3410-4f8c-b67f-f311c78822e3',
        'https://localhost:44395/Upload/img_url_9ffb9756-dc15-4eeb-b630-45b4d940752f.jfif', 14000000, 12000000, NULL,
        'White', 56, '2023-02-21 23:35:52', 53.33, 30000000),
       ('cabb27fb-c11c-43a2-ad98-d19c97cf597b', '058bd94f-72a9-4ec1-9800-86c209316669',
        'https://localhost:44395/Upload/img_url_7f43e91d-5e8b-4555-808f-73907d51853c.jfif', 702260, 300000, 'Nữ',
        'Gold', 30, '2023-03-11 23:02:42', 26.00, 949000),
       ('cc6f5507-cbc5-4b1d-8b08-f604f0b360b6', 'f3a40f88-648a-4b92-a5f4-0fcc8b9f9fe7',
        'https://localhost:44395/Upload/img_url_67121e87-1983-449b-a300-c0cfe65ca3b2.jfif', 15990000, 10000000, NULL,
        'Red', 12, '2023-02-21 23:27:39', 34.71, 24490000),
       ('cc81e73e-014b-4b32-89f8-445b9bd86abb', 'df25d33c-fe0e-4558-a9ed-335e15dac1e8',
        'https://localhost:44395/Upload/img_url_9d92eb82-16ba-4a13-a2c4-94668e352ed7.jfif', 359000, 130000, NULL, NULL,
        51, '2023-02-22 19:27:34', 10.03, 399000),
       ('ce2cd077-6996-419b-9a2f-8e540b2786e9', '7bd5a5a4-ff06-4140-a3a2-b70caf6fc2f5',
        'https://localhost:44395/Upload/img_url_bcd124b8-8b2c-440c-88ce-1b5055aa7069.jfif', 520000, 150000, NULL, NULL,
        53, '2023-02-21 23:59:23', 20.00, 650000),
       ('ce856eff-63ae-4afe-ad4d-7e703c3f2f94', '45486d2a-fcd7-42c1-bb43-eb1fa67431b7',
        'https://localhost:44395/Upload/img_url_2e104ba2-2362-438b-927c-70cee79063b1.jfif', 329000, 100000, NULL, 'Be',
        453, '2023-02-22 18:00:17', 17.54, 399000),
       ('cfea222d-eed0-4422-a2e1-96b9d36eede5', '096593be-2ce7-46da-b127-f365cfde5ea2',
        'https://localhost:44395/Upload/img_url_c1b44684-c9f1-4666-8907-5d7a97d84573.jfif', 350000, 150000, NULL, NULL,
        5656, '2023-02-22 17:52:53', 46.15, 650000),
       ('d2b8703f-4b46-44e8-9888-16c7b5fb32b0', '28b85067-c549-416b-90f5-6f7998f1e17c',
        'https://localhost:44395/Upload/img_url_50f3b509-fd07-4888-b4f4-a28a7ff6c825.jfif', 29290000, 21000000, NULL,
        'Gold', 208, '2023-02-21 22:12:33', 16.00, 35000000),
       ('d5d7bb85-8acb-4281-86a6-707e3365705d', '049a8328-52fe-426c-93cc-d2eb60a25475',
        'https://localhost:44395/Upload/img_url_8d8662c1-fa33-490a-a668-9d16f242ab91.jfif', 156000, 60000, NULL, NULL,
        452, '2023-02-22 19:53:04', 21.61, 199000),
       ('db570985-a0f5-42e3-826b-ac3af43f5763', 'f317f5fd-52d6-40f6-a4db-d77f6177332b',
        'https://localhost:44395/Upload/img_url_250f58c2-b72b-4891-9550-fe74aee514b7.jfif', 79000, 30000, NULL,
        'Space Black', 5665, '2023-02-22 19:33:36', 20.20, 99000),
       ('ddfb31b6-a279-4a8b-ab6c-b0e78eb5d744', '7eedebd1-660a-4724-b149-db8a5b2f5c2c',
        'https://localhost:44395/Upload/img_url_8bd3b364-c531-4444-a2e4-c3d941e1c233.jfif', 99000, 20000, '7s', NULL, 0,
        '2023-02-22 19:56:08', 16.81, 119000),
       ('dfd02ed5-4348-4ea2-b961-8454db288903', '61f4376f-2fcc-4941-a988-c23b8c505c48',
        'https://localhost:44395/Upload/img_url_aa1e540d-b590-482c-a77d-d122dd05b7e2.jfif', 269000, 130000, NULL, NULL,
        5653, '2023-02-22 19:38:14', 10.03, 299000),
       ('e5cbceb1-553b-41ec-9e4e-70217813d1f5', 'e3adea74-00b1-46b3-81f6-dd457d69cb51',
        'https://localhost:44395/Upload/img_url_21d24eb2-c18c-4fbf-a9be-a1bae3585512.jfif', 1520000, 550000, NULL, NULL,
        87, '2023-02-21 23:48:48', 71.05, 5250000),
       ('e8527f0d-de66-4918-9216-06d6a314019c', 'e9c15d22-22ee-4638-b63f-8eaea6b5736a',
        'https://localhost:44395/Upload/img_url_fe25447d-c952-4388-a5b4-7154715342c2.jfif', 7000, 2000, NULL, 'Hồng',
        545, '2023-02-22 17:54:53', 53.33, 15000),
       ('eb571adc-a527-4d64-b5e2-7b03304c1944', '28b85067-c549-416b-90f5-6f7998f1e17c',
        'https://localhost:44395/Upload/img_url_43e46f4d-9be3-4139-b9f4-56dbb6e8351c.jfif', 29290000, 21000000, NULL,
        ' Deep Purple', 340, '2023-02-21 22:12:33', 16.00, 35000000),
       ('eea40376-d59b-47ae-bba1-5ef6518f1230', '6bb9f6a6-27b1-4283-8925-e7ef284dd6af',
        'https://localhost:44395/Upload/img_url_91309fc2-021b-447a-9e6c-7a6bc0aa4b26.jfif', 26750000, 22000000, NULL,
        'Red', 20, '2023-02-21 23:17:06', 14.00, 30990000),
       ('f0bb6678-3a07-40e6-86da-13a73c1c2853', 'b2150dfa-4dc8-444b-8264-1cc215a251c0',
        'https://localhost:44395/Upload/img_url_1a7e9e4f-5f91-40fc-be1b-4c4946826f34.jfif', 23199000, 15000000, NULL,
        'Yellow', 443, '2023-02-22 19:44:24', 7.20, 25000000),
       ('f1123551-3717-49ef-b928-abfc8f5bac20', '910dd77b-a54c-4104-bf06-73e8dc4e2a00',
        'https://localhost:44395/Upload/img_url_36e78fb2-fc47-4394-8a06-8c2442a17295.jfif', 199000, 70000, NULL,
        'xanh dương', 565, '2023-02-22 17:44:13', 20.40, 250000),
       ('f7b7307b-bd44-4de8-bc4c-5479941f1f87', '796c57ff-7d72-4c19-99a7-9e5d55eb94f7',
        'https://localhost:44395/Upload/img_url_827d030a-7ff0-43fd-85c8-238440b70742.jfif', 139000, 68000, NULL, NULL,
        343, '2023-02-22 19:26:36', 12.58, 159000),
       ('f7be26ce-a5de-49ed-803e-8c5108e95db2', '3b00a746-f0b0-4bb3-a575-94837f03e49a',
        'https://localhost:44395/Upload/img_url_c7ca97a2-9238-4229-bec4-115ca3de539e.jfif', 599000, 369000, NULL, NULL,
        55, '2023-02-22 19:49:11', 24.17, 789900),
       ('f89aa1a4-afc7-4db6-b128-67a69c75cf26', '3bffc12c-4214-470b-9503-5739c2f161d3',
        'https://localhost:44395/Upload/img_url_f44c5173-641f-4321-9e02-7141b5d24d03.jfif', 299000, 99000, NULL, NULL,
        565, '2023-02-22 19:39:31', 14.57, 350000),
       ('fff3deca-c4cf-4ca2-8fac-19c03e524964', '17208552-becb-43c4-b484-2f3cc4266dbc',
        'https://localhost:44395/Upload/img_url_d72153c3-67d3-430a-9d71-5a04b42aa4c6.jfif', 18539000, 14000000, NULL,
        'White', 12, '2023-02-21 23:04:24', 36.00, 28990000);

-- 
-- Dumping data for table product_category
--
INSERT INTO product_category
VALUES ('0207c63d-c191-403f-a1c1-19747f81a695', 'f46370c0-269d-41f6-b996-9d32d60faae1',
        'cc7c1537-d5c3-4d57-af68-0119d660d384'),
       ('076873ce-bb36-434d-90bc-c98c137c1fa1', 'f03ff3c5-a8ad-41f8-a61f-f0ef2741e1f0',
        '369775cd-1c8b-4022-9f7d-b5257a866d53'),
       ('090bd1d1-fd42-48d7-ae3b-807475926aa8', '74580a80-bba8-4dae-9f4f-ee2680a7131d',
        '63280403-448b-4a10-af9f-8c133511ab44'),
       ('097adf8b-b927-4885-943b-4d09f30d5c41', '784a2150-9a5d-4ba4-a385-66a6b2b8f7bf',
        'a09c9a88-423c-4843-a191-575e34f1319c'),
       ('09e59e4f-8d33-4d3b-9116-6809a1b86f73', 'e9c15d22-22ee-4638-b63f-8eaea6b5736a',
        '3468d6c3-6d24-418b-b0c0-d000ceb57a8d'),
       ('0d42b135-d884-4ea4-ab3a-aa53f0b21c38', '61735339-55e3-4293-976e-c4bac0cda290',
        'cc7c1537-d5c3-4d57-af68-0119d660d384'),
       ('0ddb8adc-573d-48fc-9ba3-61a394d70652', '02fa5ebf-cf59-4099-906b-c051f16f7013',
        '3468d6c3-6d24-418b-b0c0-d000ceb57a8d'),
       ('0e943bd7-47b3-4748-a1a6-627355475c56', '910dd77b-a54c-4104-bf06-73e8dc4e2a00',
        '3468d6c3-6d24-418b-b0c0-d000ceb57a8d'),
       ('0f5bcde3-6ddd-4141-b4be-04f7dd10d6e0', '4307dd24-3805-4187-89d7-18ecfc4d4db2',
        'b02a8e03-1f07-4338-84e5-080f70f473bd'),
       ('117d3cb2-0d05-4f32-9db4-fc6b9c736ed5', 'df25d33c-fe0e-4558-a9ed-335e15dac1e8',
        '3468d6c3-6d24-418b-b0c0-d000ceb57a8d'),
       ('16f50d85-958b-4ad0-8b26-57326112d407', 'aba66651-1f2f-48e4-948e-0804c2ea1109',
        '71281762-d55e-47a3-a4e6-61852d848895'),
       ('1a1cc6ea-8beb-40d6-9e53-d9d2e85ee7f6', 'b2150dfa-4dc8-444b-8264-1cc215a251c0',
        'b02a8e03-1f07-4338-84e5-080f70f473bd'),
       ('1a58e4ab-2739-4234-a83c-466cfacc8a65', '70d9667e-cdac-4719-b298-81eb175cdd72',
        '3468d6c3-6d24-418b-b0c0-d000ceb57a8d'),
       ('1ab03639-7026-423d-825a-5466c1d8effc', '61735339-55e3-4293-976e-c4bac0cda290',
        '369775cd-1c8b-4022-9f7d-b5257a866d53'),
       ('1aeb4f02-f787-4694-bf27-48665421c2b0', '87dc0196-2c12-4ff4-afd7-02a75f41eb2c',
        '3468d6c3-6d24-418b-b0c0-d000ceb57a8d'),
       ('1ce15685-ff6c-40cc-b973-21642519e409', 'd2fda1ae-d51e-47be-bb30-eaaf2adce7b7',
        'cc7c1537-d5c3-4d57-af68-0119d660d384'),
       ('1ebfcbb3-6680-4c30-85f6-2fe4c366124a', '3c8708e2-298b-4b00-baec-f973ef960d61',
        '63280403-448b-4a10-af9f-8c133511ab44'),
       ('2787f837-ef3b-4cb0-a082-1cc38ed877f0', '9b092f54-d170-40a5-ac93-899a2a10f48f',
        '3468d6c3-6d24-418b-b0c0-d000ceb57a8d'),
       ('2fd73b2a-b248-443a-8572-a76467eda881', '3c8708e2-298b-4b00-baec-f973ef960d61',
        '71281762-d55e-47a3-a4e6-61852d848895'),
       ('38ac7332-f839-4578-8f41-56ec14203196', 'bb4ede30-c42f-46bf-a742-a3ebd5f52083',
        '3468d6c3-6d24-418b-b0c0-d000ceb57a8d'),
       ('3a5c7912-122b-4555-b41c-c54220881eef', '058bd94f-72a9-4ec1-9800-86c209316669',
        '63280403-448b-4a10-af9f-8c133511ab44'),
       ('3bee83de-9b32-453d-b079-85986f7c5a20', 'b490458c-3410-4f8c-b67f-f311c78822e3',
        'f5ad8b78-819d-4ffc-9894-f5e9b4565926'),
       ('3ccec131-7907-476a-9a23-fa00226b9524', '5059f3b6-0880-4818-820b-1186795290d2',
        '63280403-448b-4a10-af9f-8c133511ab44'),
       ('45ff2e3e-c6ea-4eb8-9516-aefc32897e9b', '45486d2a-fcd7-42c1-bb43-eb1fa67431b7',
        '63280403-448b-4a10-af9f-8c133511ab44'),
       ('4dab1562-0751-4a54-9628-af599800f157', '78bb12a8-35bd-4cbf-b965-ab77b83f5308',
        '63280403-448b-4a10-af9f-8c133511ab44'),
       ('4ec7361e-324c-47b5-b3ac-de2c52c1262f', 'b2150dfa-4dc8-444b-8264-1cc215a251c0',
        '369775cd-1c8b-4022-9f7d-b5257a866d53'),
       ('51e41ebf-e3eb-469c-aa21-19efffa05c88', 'd5c80c47-caa8-47ed-b771-6ae72dc2995e',
        '3468d6c3-6d24-418b-b0c0-d000ceb57a8d'),
       ('5268c689-a771-40f3-861d-6fdde5f9ab38', 'd2fda1ae-d51e-47be-bb30-eaaf2adce7b7',
        'b02a8e03-1f07-4338-84e5-080f70f473bd'),
       ('5d572671-76d7-427d-a1d5-83396e61de90', '7eedebd1-660a-4724-b149-db8a5b2f5c2c',
        'f5ad8b78-819d-4ffc-9894-f5e9b4565926'),
       ('622ef067-de15-4fd0-b832-47359ced01b7', '7bd5a5a4-ff06-4140-a3a2-b70caf6fc2f5',
        'cc7c1537-d5c3-4d57-af68-0119d660d384'),
       ('62d6464b-27e7-4cbf-a04d-8a605f76fc97', '74580a80-bba8-4dae-9f4f-ee2680a7131d',
        'a09c9a88-423c-4843-a191-575e34f1319c'),
       ('649160d1-89ad-4e27-9ffe-beecbba3adfa', '28b85067-c549-416b-90f5-6f7998f1e17c',
        'f5ad8b78-819d-4ffc-9894-f5e9b4565926'),
       ('6b482d36-7c0a-43ba-9785-fa5f5894e225', 'df25d33c-fe0e-4558-a9ed-335e15dac1e8',
        '63280403-448b-4a10-af9f-8c133511ab44'),
       ('6f2d7eef-a1d9-4365-b757-6a80ec915c47', '6bb9f6a6-27b1-4283-8925-e7ef284dd6af',
        'f5ad8b78-819d-4ffc-9894-f5e9b4565926'),
       ('706deebd-faa6-44f8-8757-f798fbbdd8a1', 'bb4ede30-c42f-46bf-a742-a3ebd5f52083',
        '63280403-448b-4a10-af9f-8c133511ab44'),
       ('7079890e-f349-4e91-977d-66b4b0a1778a', 'b7cb2e10-aa84-4745-881a-e8d7790c2a88',
        '71281762-d55e-47a3-a4e6-61852d848895'),
       ('765021c4-222a-4a5d-8381-a48eafd858d3', '3afc4668-7518-43f7-b62f-04ad4cdcde24',
        '63280403-448b-4a10-af9f-8c133511ab44'),
       ('7851f1f1-9e9c-476e-89d0-7b45a264a45e', '45486d2a-fcd7-42c1-bb43-eb1fa67431b7',
        '71281762-d55e-47a3-a4e6-61852d848895'),
       ('7ad2860e-37e9-43c7-8c6c-1f09ea76ea84', 'b7cb2e10-aa84-4745-881a-e8d7790c2a88',
        '63280403-448b-4a10-af9f-8c133511ab44'),
       ('7bc17838-8697-4d17-8db9-0f50192eb213', 'f3a40f88-648a-4b92-a5f4-0fcc8b9f9fe7',
        'f5ad8b78-819d-4ffc-9894-f5e9b4565926'),
       ('92fd6370-a60d-497e-8adb-106fab6a6544', 'f46370c0-269d-41f6-b996-9d32d60faae1',
        '2b20f40b-726f-4154-a5f2-c8856e716885'),
       ('94e8c575-0058-4afb-971e-0304acedde28', '1475c619-f651-4db8-876e-b449d8cc4d05',
        '63280403-448b-4a10-af9f-8c133511ab44'),
       ('95b0474f-f501-481a-921f-465dfa5f902d', '784a2150-9a5d-4ba4-a385-66a6b2b8f7bf',
        '63280403-448b-4a10-af9f-8c133511ab44'),
       ('9628b95c-1535-4eaa-9a28-690e47ea93e9', '9b627b22-bdcf-4a56-9563-7afb0c035911',
        'b02a8e03-1f07-4338-84e5-080f70f473bd'),
       ('9827e1f2-0922-4d66-86af-c29e598d44e0', '049a8328-52fe-426c-93cc-d2eb60a25475',
        'f5ad8b78-819d-4ffc-9894-f5e9b4565926'),
       ('9e5fc1cb-78cf-4574-92b2-1238f95ca9bb', '049a8328-52fe-426c-93cc-d2eb60a25475',
        'b02a8e03-1f07-4338-84e5-080f70f473bd'),
       ('a2613ce9-ecda-48c6-8595-a4e8dfc92ff3', 'f03ff3c5-a8ad-41f8-a61f-f0ef2741e1f0',
        'b02a8e03-1f07-4338-84e5-080f70f473bd'),
       ('a5ea4393-5faa-4e3e-b3c0-290f1e0fd121', '096593be-2ce7-46da-b127-f365cfde5ea2',
        '3468d6c3-6d24-418b-b0c0-d000ceb57a8d'),
       ('b0541909-0e16-4c74-b1d8-603e7bcf2e98', '5059f3b6-0880-4818-820b-1186795290d2',
        '71281762-d55e-47a3-a4e6-61852d848895'),
       ('b69c8b79-9db9-41be-b202-2744a2efe23d', '8b439400-5dbd-403b-a3eb-5d62c721f4d8',
        'b02a8e03-1f07-4338-84e5-080f70f473bd'),
       ('b9a7a986-69cf-425d-9a6e-75a46bebf4fd', '8774a151-6845-46de-91da-d1770ae9400e',
        '3468d6c3-6d24-418b-b0c0-d000ceb57a8d'),
       ('bb4bdb1d-3f8f-4a12-8de0-407129705ad6', '7bd5a5a4-ff06-4140-a3a2-b70caf6fc2f5',
        'b02a8e03-1f07-4338-84e5-080f70f473bd'),
       ('bbe5cc23-f051-4257-a691-00fe3ef5213e', '910dd77b-a54c-4104-bf06-73e8dc4e2a00',
        'b02a8e03-1f07-4338-84e5-080f70f473bd'),
       ('bf00e438-6dd5-4843-a542-8741fc264d62', '3b00a746-f0b0-4bb3-a575-94837f03e49a',
        'b02a8e03-1f07-4338-84e5-080f70f473bd'),
       ('bf4a06b3-21c9-481e-8c34-a3513e2ee412', 'df25d33c-fe0e-4558-a9ed-335e15dac1e8',
        '71281762-d55e-47a3-a4e6-61852d848895'),
       ('c10bd142-a8ff-44fd-b9b5-1db9e63d6ccb', '3bf57cc4-21b1-4b54-9781-3ea041ff60d2',
        '3468d6c3-6d24-418b-b0c0-d000ceb57a8d'),
       ('c186ac43-0fb3-4cb7-9006-ba8ae1ef0a2f', 'aba66651-1f2f-48e4-948e-0804c2ea1109',
        '63280403-448b-4a10-af9f-8c133511ab44'),
       ('ca65e833-77e1-441c-8801-7d658472ac7d', 'd2fda1ae-d51e-47be-bb30-eaaf2adce7b7',
        '369775cd-1c8b-4022-9f7d-b5257a866d53'),
       ('cdada92d-0311-4a1c-80ee-b5ec790840fb', 'f46370c0-269d-41f6-b996-9d32d60faae1',
        'b02a8e03-1f07-4338-84e5-080f70f473bd'),
       ('d1f01aa4-1135-4d5a-b89c-1c937c094396', 'b6a4971f-39f7-486b-a915-5b58ea1902b7',
        'a09c9a88-423c-4843-a191-575e34f1319c'),
       ('d4815181-fb1c-491c-b8ae-30ddca1b8fa7', 'df25d33c-fe0e-4558-a9ed-335e15dac1e8',
        'a09c9a88-423c-4843-a191-575e34f1319c'),
       ('d6ee4b36-2d63-4fca-9358-920d3be0c889', '17208552-becb-43c4-b484-2f3cc4266dbc',
        'f5ad8b78-819d-4ffc-9894-f5e9b4565926'),
       ('d725b4aa-21cf-4862-9fe2-0e468d1b9bd8', '8b439400-5dbd-403b-a3eb-5d62c721f4d8',
        'cc7c1537-d5c3-4d57-af68-0119d660d384'),
       ('da21fd8b-22fc-4c2e-8cb1-1a09ebf1a407', '796c57ff-7d72-4c19-99a7-9e5d55eb94f7',
        '63280403-448b-4a10-af9f-8c133511ab44'),
       ('e796ae41-e4ed-4373-ac8f-82ba96230f58', '74580a80-bba8-4dae-9f4f-ee2680a7131d',
        '71281762-d55e-47a3-a4e6-61852d848895'),
       ('e92e46b3-4487-403a-9510-67ea4e3840e1', '8d4f4224-973e-40e1-9550-368e7b16fe5e',
        '3468d6c3-6d24-418b-b0c0-d000ceb57a8d'),
       ('e954d23e-c8f6-4b23-986e-b2ffcaf7b699', '3b00a746-f0b0-4bb3-a575-94837f03e49a',
        '369775cd-1c8b-4022-9f7d-b5257a866d53'),
       ('ebeb8c12-3f94-4236-8ce9-eef96e605f88', '1475c619-f651-4db8-876e-b449d8cc4d05',
        '3468d6c3-6d24-418b-b0c0-d000ceb57a8d'),
       ('f32783ad-f2a4-44cd-bbd3-b0d855007e01', '9b627b22-bdcf-4a56-9563-7afb0c035911',
        '3468d6c3-6d24-418b-b0c0-d000ceb57a8d'),
       ('f6b509e7-ef94-4bdb-8e15-44a0e59b5b5e', 'b6a4971f-39f7-486b-a915-5b58ea1902b7',
        '63280403-448b-4a10-af9f-8c133511ab44'),
       ('faf4bf73-3f14-48e7-8e7d-59f7750bee2e', '3b00a746-f0b0-4bb3-a575-94837f03e49a',
        'cc7c1537-d5c3-4d57-af68-0119d660d384');

-- 
-- Dumping data for table product_cart
--
INSERT INTO product_cart
VALUES ('56b2031a-867d-4003-8805-1ce8e0f7c354', 'f8a7e403-d3aa-485c-94f9-ddb7a0b04714',
        '9aae8cb6-f8c8-4837-af4e-0c8ba71fb22b', 1, '2023-02-22 21:57:50', '28b85067-c549-416b-90f5-6f7998f1e17c'),
       ('5daa415b-3e0e-4921-9699-09d0c90f6000', 'b4fe0249-59a7-11ed-90ec-0242ac130002',
        '7539c250-7d0f-4301-bc1b-fd4b23f9b414', 1, '2023-03-11 16:34:10', '28b85067-c549-416b-90f5-6f7998f1e17c'),
       ('62a4ffbc-4981-4d04-bdc6-5ffbf6d30960', 'f8a7e403-d3aa-485c-94f9-ddb7a0b04714',
        'ce2cd077-6996-419b-9a2f-8e540b2786e9', 1, '2023-03-11 22:41:01', '7bd5a5a4-ff06-4140-a3a2-b70caf6fc2f5'),
       ('bef2e30f-fce2-4ea5-8058-5d3dba64d6ea', 'b4fe0249-59a7-11ed-90ec-0242ac130002',
        '7f4bc36f-b877-4b62-b170-0f1a20e19c11', 1, '2023-03-11 16:34:33', '784a2150-9a5d-4ba4-a385-66a6b2b8f7bf'),
       ('e3eaae1d-8250-4194-b380-5e3d1aca2c95', 'b4fe0249-59a7-11ed-90ec-0242ac130002',
        '5c1b79e8-d746-4bfe-9d12-def5a66b90c6', 1, '2023-03-11 23:09:55', '3c8708e2-298b-4b00-baec-f973ef960d61');

-- 
-- Dumping data for table product_attribute
--
INSERT INTO product_attribute
VALUES ('04229d1b-24e9-46b7-a63f-d0fd047f3a96', 'de129add-ea00-47c7-b42c-79d0476c4902',
        '28b85067-c549-416b-90f5-6f7998f1e17c', 'Apple A16 Bionic', '2023-02-21 22:20:48'),
       ('0c8a611b-a530-4ab6-8b8d-efb76cd5109f', '4ab90cbd-dbe3-4e62-bfa0-598edb7c1533',
        '17208552-becb-43c4-b484-2f3cc4266dbc', '55', '2023-02-21 23:10:24'),
       ('1243910e-7a4a-4677-9de7-fa01bea3729d', 'ff3b2542-c62d-4d61-969e-411704071035',
        '17208552-becb-43c4-b484-2f3cc4266dbc', '12 tháng', '2023-02-21 23:10:24'),
       ('202a8b33-f3f5-4dfa-a099-55f167bcf64b', '217a57d5-91dc-4d9c-aec1-c5dcc2352df8',
        '28b85067-c549-416b-90f5-6f7998f1e17c', 'Điện thoại thông minh', '2023-02-21 22:16:44'),
       ('273d4afa-d512-470f-9fd8-ebb88e4bc39f', 'ff3b2542-c62d-4d61-969e-411704071035',
        '28b85067-c549-416b-90f5-6f7998f1e17c', ' 12 tháng', '2023-02-21 22:12:33'),
       ('2ca6eb26-fd04-48ac-891f-e2e920aa76b3', '4ab90cbd-dbe3-4e62-bfa0-598edb7c1533',
        '28b85067-c549-416b-90f5-6f7998f1e17c', '773', '2023-02-21 22:20:48'),
       ('31494345-4566-459c-9e59-7edb7989cb74', '568e6c5c-118e-4e09-89b6-b7ccb21f1ecb',
        '6bb9f6a6-27b1-4283-8925-e7ef284dd6af', 'Apple', '2023-02-21 23:19:03'),
       ('33c417d4-6b38-40c4-9e5b-54c29199b391', '189ed9ba-6da6-4bfb-92c2-97d2888d2600',
        '17208552-becb-43c4-b484-2f3cc4266dbc', ' Mới', '2023-02-21 23:10:24'),
       ('5a5bc6ef-993b-4109-bdf5-171c27c02b74', '31f40953-db0d-49ce-be74-ceef3013816c',
        '28b85067-c549-416b-90f5-6f7998f1e17c', ' iOS', '2023-02-21 22:20:48'),
       ('5f5d1879-d002-4f5f-a79b-e69c424c4630', '189ed9ba-6da6-4bfb-92c2-97d2888d2600',
        '058bd94f-72a9-4ec1-9800-86c209316669', 'Mới', '2023-03-11 23:02:42'),
       ('60f44221-05ec-4cc2-b856-af70dd936d0e', '600329a6-4ab0-4893-b86d-bc236412085d',
        '28b85067-c549-416b-90f5-6f7998f1e17c', 'Bảo hành nhà sản xuất', '2023-02-21 22:12:33'),
       ('6451fbc8-d426-4295-8c9f-5073915be188', '568e6c5c-118e-4e09-89b6-b7ccb21f1ecb',
        'f3a40f88-648a-4b92-a5f4-0fcc8b9f9fe7', 'Apple', '2023-02-21 23:33:52'),
       ('776fa013-8261-4653-ba4f-da750ed7bc5f', '568e6c5c-118e-4e09-89b6-b7ccb21f1ecb',
        '28b85067-c549-416b-90f5-6f7998f1e17c', ' Apple', '2023-02-21 22:12:33'),
       ('8c922875-bb0c-4373-8308-fae82d9accec', 'ff3b2542-c62d-4d61-969e-411704071035',
        'b490458c-3410-4f8c-b67f-f311c78822e3', '2 năm', '2023-02-21 23:38:25'),
       ('8c9da710-1b88-411e-bf60-6411107e63b6', '6bfb5f87-3f5f-4bd7-84cb-d83eb9dac5c5',
        '28b85067-c549-416b-90f5-6f7998f1e17c', '128GB', '2023-02-21 22:12:33'),
       ('9503230f-f79d-4fa8-a85e-669caf3ad05f', '2cf00bfb-12cc-4110-8097-1b73648f74b0',
        '17208552-becb-43c4-b484-2f3cc4266dbc', '4GB', '2023-02-21 23:10:24'),
       ('97e63bc8-a70b-4172-a5ae-f520c79ed8e9', '4ab90cbd-dbe3-4e62-bfa0-598edb7c1533',
        '6bb9f6a6-27b1-4283-8925-e7ef284dd6af', '3', '2023-02-21 23:19:03'),
       ('9fbdde82-47b6-47ba-85ec-3021b22a3ee5', '4ab90cbd-dbe3-4e62-bfa0-598edb7c1533',
        'f3a40f88-648a-4b92-a5f4-0fcc8b9f9fe7', '566', '2023-02-21 23:33:52'),
       ('a3bf54ac-512d-48a1-845d-55d3ed7e7633', 'ff3b2542-c62d-4d61-969e-411704071035',
        'f46370c0-269d-41f6-b996-9d32d60faae1', '2 năm', '2023-02-21 23:42:33'),
       ('c2b890ec-781f-4ed2-9076-76aae695a0e4', '6ff7d77a-90cb-4718-95f3-70319534ab7e',
        '28b85067-c549-416b-90f5-6f7998f1e17c', '12MP', '2023-02-21 22:12:33'),
       ('caa6a0b7-7cdf-45cd-bcc2-10f02f513537', '600329a6-4ab0-4893-b86d-bc236412085d',
        '17208552-becb-43c4-b484-2f3cc4266dbc', 'Bảo hành nhà sản xuất', '2023-02-21 23:10:24'),
       ('cdeec7b6-3895-4eee-9213-96c8f57f7a02', '189ed9ba-6da6-4bfb-92c2-97d2888d2600',
        '28b85067-c549-416b-90f5-6f7998f1e17c', 'Mới', '2023-02-21 22:20:48'),
       ('d6b39808-d116-4cce-a270-0cddcfb91886', '6bfb5f87-3f5f-4bd7-84cb-d83eb9dac5c5',
        '17208552-becb-43c4-b484-2f3cc4266dbc', '128GB', '2023-02-21 23:10:24'),
       ('ddb55c2b-986a-4d21-8fa2-27e1e097656a', '2cf00bfb-12cc-4110-8097-1b73648f74b0',
        '28b85067-c549-416b-90f5-6f7998f1e17c', '6GB', '2023-02-21 22:12:33'),
       ('e52c39b9-d066-47b5-905b-a0dcbca06113', '08fac6c7-9fd3-410b-96d7-64009502c7e6',
        '28b85067-c549-416b-90f5-6f7998f1e17c', ' 6.7inches', '2023-02-21 22:20:48'),
       ('fcb5e648-08a3-4d8b-8e87-ae69beacf8b6', 'fa139789-eaa1-4950-8bb0-0ea05ca1a7b4',
        '28b85067-c549-416b-90f5-6f7998f1e17c', '2', '2023-02-21 22:16:44'),
       ('fdd4f6e5-ceb0-4291-9e39-9429d71e16cd', '4ab90cbd-dbe3-4e62-bfa0-598edb7c1533',
        'b490458c-3410-4f8c-b67f-f311c78822e3', '5454', '2023-02-21 23:37:38');

-- 
-- Dumping data for table comment
--
INSERT INTO comment
VALUES ('067f222f-782b-4b43-80a8-4b09922c5d7e', 'c7fb50a1-41fc-480e-add0-b585864bb10a',
        'f317f5fd-52d6-40f6-a4db-d77f6177332b', 5, 'Đẹp', '2023-02-22 21:56:04',
        'img_url_de953a70-82e4-47e7-a2ff-172720f693f1.jfif', NULL, NULL),
       ('1eeeb123-83b8-473d-8c77-5af07ba33b7d', '0c4320b0-a53a-4794-8fdd-4d035c164d35',
        'df25d33c-fe0e-4558-a9ed-335e15dac1e8', 5, NULL, '2023-02-22 21:50:58', NULL, NULL, NULL),
       ('24980208-0aa3-4e13-91d1-f6ffb900a5c2', '0c4320b0-a53a-4794-8fdd-4d035c164d35',
        '28b85067-c549-416b-90f5-6f7998f1e17c', 1, 'Bị giao nhầm màu', '2023-02-22 21:54:38',
        'img_url_61baf840-a470-40ca-9aa1-2b22212f5a5f.jfif', NULL, NULL),
       ('354ac20f-130a-4324-8e21-1107703e5fd0', '0c4320b0-a53a-4794-8fdd-4d035c164d35',
        '049a8328-52fe-426c-93cc-d2eb60a25475', 5, 'Giá đỡ điện thoại máy tính bảng trông có vẻ xịn',
        '2023-02-22 21:54:38', NULL, NULL, NULL),
       ('415e827c-05f8-4025-a828-1699398a09b8', '0c4320b0-a53a-4794-8fdd-4d035c164d35',
        '19885a3a-b784-4167-96d6-340edef8ef39', 5, NULL, '2023-02-22 21:50:58', NULL, NULL, NULL),
       ('42d9c4d5-695f-48bf-85be-425c37fde93f', '0c4320b0-a53a-4794-8fdd-4d035c164d35',
        '5f669ede-5121-459d-bbbe-2a66f7d4a078', 3, NULL, '2023-02-22 21:49:49', NULL, NULL, NULL),
       ('4a732724-dcf6-451a-91d3-5601d4174e00', 'c7fb50a1-41fc-480e-add0-b585864bb10a',
        'f46370c0-269d-41f6-b996-9d32d60faae1', 5, 'Nghe chất lượng, không bị rè', '2023-02-22 21:56:38', NULL, NULL,
        NULL),
       ('500c9381-bdec-49a7-8113-f224eaddcd26', '0c4320b0-a53a-4794-8fdd-4d035c164d35',
        '9c9c5431-e475-49e0-ba99-9362fbfdf4ba', 4, NULL, '2023-02-22 21:49:49', NULL, NULL, NULL),
       ('58f8ddf9-86e0-4747-a830-26ee3f95f5fd', 'c7fb50a1-41fc-480e-add0-b585864bb10a',
        '02fa5ebf-cf59-4099-906b-c051f16f7013', 5, NULL, '2023-02-22 21:56:56',
        'img_url_447e0904-0e30-4107-ae29-6f06b5f48e8a.jfif', NULL, NULL),
       ('6aa18bac-d352-45c7-a16c-b835df3462a9', 'c7fb50a1-41fc-480e-add0-b585864bb10a',
        'e9c15d22-22ee-4638-b63f-8eaea6b5736a', 5, NULL, '2023-02-22 21:56:56', NULL, NULL, NULL),
       ('7e76a9cc-8611-49a8-8c9a-4e2bfe715ea5', '0c4320b0-a53a-4794-8fdd-4d035c164d35',
        '3c8708e2-298b-4b00-baec-f973ef960d61', 5, 'Áo mặc mát', '2023-02-22 21:50:58', NULL, NULL, NULL),
       ('8175d5fe-4087-4fc5-8412-8bd2e6f42703', '0c4320b0-a53a-4794-8fdd-4d035c164d35',
        '7bd5a5a4-ff06-4140-a3a2-b70caf6fc2f5', 5, NULL, '2023-02-22 21:54:38', NULL, NULL, NULL),
       ('8f2eccec-9f89-4152-a92e-88ac419a33fe', 'b4fe01f5-59a7-11ed-90ec-0242ac130002',
        '28b85067-c549-416b-90f5-6f7998f1e17c', 5,
        'Sản phẩm giống với mô tả. \nGiá cả hợp lý. \nLần sau lại ủng hộp shop', '2023-03-11 15:17:52',
        'img_url_68cb534c-9606-4260-be6e-28e2e80e0db2.jpg', NULL, NULL),
       ('9351fc58-e899-4304-875e-ffd27229d7dd', 'c7fb50a1-41fc-480e-add0-b585864bb10a',
        'b2150dfa-4dc8-444b-8264-1cc215a251c0', 5, NULL, '2023-02-22 21:56:04',
        'img_url_e26ffee9-fea4-4173-84aa-9f01ce8de7a2.jfif', NULL, NULL),
       ('986e1f60-9c40-4a56-b13a-15661a26c83f', 'c7fb50a1-41fc-480e-add0-b585864bb10a',
        '049a8328-52fe-426c-93cc-d2eb60a25475', 5, NULL, '2023-02-22 21:56:38', NULL, NULL, NULL),
       ('9f3ce259-eeea-44a8-8af0-610ba490f011', '0c4320b0-a53a-4794-8fdd-4d035c164d35',
        '4dc1b786-e93a-4298-a1ce-c23b8c6bc903', 4, 'Khăn đẹp, mịn\nGiống với mô tả', '2023-02-22 21:49:49', NULL, NULL,
        NULL),
       ('be870995-af18-45ec-8eba-908126a4f2e2', 'c7fb50a1-41fc-480e-add0-b585864bb10a',
        '4307dd24-3805-4187-89d7-18ecfc4d4db2', 5, NULL, '2023-02-22 21:56:38', NULL, NULL, NULL),
       ('c0ed845a-a206-46df-8b16-5e3932d52ee0', 'b4fe01f5-59a7-11ed-90ec-0242ac130002',
        '17208552-becb-43c4-b484-2f3cc4266dbc', 5, 'Giống với mô tả', '2023-02-22 01:06:41',
        'img_url_832c3e8a-257a-4cfc-a5e3-a909f4382833.jfif', NULL, NULL),
       ('c116b7ff-32ac-43d0-a2ec-8820f5b654ae', '0c4320b0-a53a-4794-8fdd-4d035c164d35',
        '784a2150-9a5d-4ba4-a385-66a6b2b8f7bf', 5, 'Áo hơi mỏng', '2023-02-22 21:49:49',
        'img_url_72ea8c7a-1f8b-45d2-8269-c14fc9d20ee6.jfif', NULL, NULL),
       ('c471fe39-b8db-4e39-8c11-301e16c4eed4', '0c4320b0-a53a-4794-8fdd-4d035c164d35',
        'baffd64c-354f-45fa-8944-6da8f6d9e615', 5, NULL, '2023-02-22 21:49:49', NULL, NULL, NULL),
       ('c5c47882-4c9e-4170-b49d-574203544c60', '0c4320b0-a53a-4794-8fdd-4d035c164d35',
        '28b85067-c549-416b-90f5-6f7998f1e17c', 5, 'Giống với mô tả', '2023-02-22 21:54:38',
        'img_url_37b555fd-e271-40e6-8e8c-8c626f36c8b3.jfif', NULL, NULL),
       ('c6e6cd03-9bee-43dd-82ef-81208e44f33f', 'c7fb50a1-41fc-480e-add0-b585864bb10a',
        'd2fda1ae-d51e-47be-bb30-eaaf2adce7b7', 5, 'Hình ảnh mang tính chất minh họa', '2023-02-22 21:56:04',
        'img_url_c0e73623-c17e-47c8-92b6-7082bf254bd6.jfif', NULL, NULL),
       ('cb03c5d0-613f-43c5-b1d2-78dc14f0d813', 'c7fb50a1-41fc-480e-add0-b585864bb10a',
        '8d4f4224-973e-40e1-9550-368e7b16fe5e', 5, NULL, '2023-02-22 21:56:56', NULL, NULL, NULL),
       ('cdcf20a0-6105-4098-b58f-80b72df86f28', '0c4320b0-a53a-4794-8fdd-4d035c164d35',
        '45486d2a-fcd7-42c1-bb43-eb1fa67431b7', 5, NULL, '2023-02-22 21:50:58', NULL, NULL, NULL),
       ('d13dcd3c-a8a3-441b-9431-c58ed2082f1f', 'c7fb50a1-41fc-480e-add0-b585864bb10a',
        '28b85067-c549-416b-90f5-6f7998f1e17c', 5, 'Giao hành nhanh\ngiống mô tả', '2023-02-22 21:58:48', NULL, NULL,
        NULL),
       ('d86289d7-87f6-4afc-9ff4-51ffa56c6fd7', '0c4320b0-a53a-4794-8fdd-4d035c164d35',
        '8b439400-5dbd-403b-a3eb-5d62c721f4d8', 4, 'Đế sạc không dây chắc chắn', '2023-02-22 21:54:38', NULL, NULL,
        NULL),
       ('d94efdda-ee2a-47f4-af02-196bc9f7d7a8', 'c7fb50a1-41fc-480e-add0-b585864bb10a',
        '8774a151-6845-46de-91da-d1770ae9400e', 5, NULL, '2023-02-22 21:56:56',
        'img_url_76c3865c-a174-4dd3-aa3c-75229e2f3ef8.jfif', NULL, NULL),
       ('e82c11ef-becb-4098-8b2e-b96aadd796a9', '0c4320b0-a53a-4794-8fdd-4d035c164d35',
        'df25d33c-fe0e-4558-a9ed-335e15dac1e8', 5, 'Giày đẹp, giống với mô tả', '2023-02-22 21:49:49',
        'img_url_f041ca22-eeaf-4232-a49e-a3e77e6b10e1.jfif', NULL, NULL),
       ('ed6248e7-3f33-4af9-8f3b-fa00f0c6d382', '0c4320b0-a53a-4794-8fdd-4d035c164d35',
        'b7cb2e10-aa84-4745-881a-e8d7790c2a88', 5, NULL, '2023-02-22 21:50:58', NULL, NULL, NULL),
       ('ef9a3d75-b1a2-4fe0-a5a5-bf456f5ec7b0', '0c4320b0-a53a-4794-8fdd-4d035c164d35',
        '796c57ff-7d72-4c19-99a7-9e5d55eb94f7', 5, NULL, '2023-02-22 21:50:58', NULL, NULL, NULL),
       ('fa7d0fc0-04d7-40a5-af7a-8d1f17c1421c', 'c7fb50a1-41fc-480e-add0-b585864bb10a',
        '6bb9f6a6-27b1-4283-8925-e7ef284dd6af', 5, NULL, '2023-02-22 21:56:38', NULL, NULL, NULL);

-- 
-- Dumping data for table color
--
INSERT INTO color
VALUES ('02373967-2f22-403a-8eb8-a4dc737f5209', 'Silver', '2023-02-21 22:07:22', 1),
       ('07991120-183b-4396-b0b0-6e7650b9956b', 'Black', '2023-02-21 23:23:35', 1),
       ('531434f2-d360-4df3-b54d-2899b7727c94', ' Deep Purple', '2023-02-21 22:06:48', 1),
       ('57cf1160-ab2d-4b98-be35-24904c63ea93', 'Kem sữa', '2023-02-22 18:01:38', 1),
       ('5910dc6a-a258-41a7-bf75-b44001357cb8', 'White', '2023-02-21 23:00:57', 1),
       ('6a21a0b0-5da2-4416-a504-334fbf7a48cf', 'Pink', '2023-02-21 23:01:23', 1),
       ('7faabf5e-3731-4371-85c8-6c065f75ac47', 'Starlight', '2023-02-21 23:13:30', 1),
       ('7fbb477b-2039-4f6d-9c18-7fa896c2451e', 'Purple', '2023-02-21 23:13:57', 1),
       ('82a83fd5-db3b-4590-bdf9-b9410cfe9e67', 'Space Black', '2023-02-21 22:07:05', 1),
       ('85d392a5-8564-4398-89ee-fdab6da9f8b8', 'Gold', '2023-02-21 22:07:33', 1),
       ('89f2e596-7f43-43b4-bfb5-9df71a24ffb7', 'Blue', '2023-02-21 23:01:12', 1),
       ('9dc5bed3-88d8-41bc-b154-86538a4755b1', 'Be', '2023-02-22 17:59:02', 1),
       ('9e6eb711-bc82-4b64-ba78-0cac017f9576', 'Đen nhám', '2023-03-11 22:37:22', 1),
       ('b5c0bb70-5f3a-4315-806d-9f2883ad347c', 'Hồng', '2023-02-22 17:38:50', 1),
       ('b7adb84b-bbb7-4a3e-927d-481f79dc0367', 'sky lue', '2023-02-22 19:31:13', 1),
       ('bc13c775-acee-419e-83a8-3c7f22b89f95', 'Red', '2023-02-21 23:14:08', 1),
       ('c93a919b-bafc-4f7c-a19c-ba971faee17f', 'trắng', '2023-02-22 17:40:32', 1),
       ('d26c689a-dadb-4e07-9abd-8323da94c092', 'Xám đậm', '2023-02-22 18:01:33', 1),
       ('d8ea1dd3-2e6f-42fc-93ac-3d7b4da34b1a', 'Green', '2023-02-21 23:01:48', 1),
       ('da2109e3-7e88-472e-9a66-e9fbf6d5a338', ' Midnight', '2023-02-21 23:00:44', 1),
       ('daa9a7dc-840b-4e33-9346-422409fea6b0', 'Nâu', '2023-02-22 17:54:01', 1),
       ('ee4eb269-2eaa-4958-aa52-c21c33aa3d99', 'xanh dương', '2023-02-22 17:40:27', 1),
       ('f8a0907f-8ea9-443d-973d-4b773278100f', 'Yellow', '2023-02-22 19:42:39', 1);

-- 
-- Dumping data for table category
--
INSERT INTO category
VALUES ('2b20f40b-726f-4154-a5f2-c8856e716885', 'Tai nghe', '2023-02-21 23:40:32', 1),
       ('3468d6c3-6d24-418b-b0c0-d000ceb57a8d', 'Phụ kiện trường học', '2023-02-22 20:51:09', 1),
       ('369775cd-1c8b-4022-9f7d-b5257a866d53', 'Máy tính', '2023-02-22 20:45:17', 1),
       ('63280403-448b-4a10-af9f-8c133511ab44', 'Thời trang', '2023-02-22 20:47:50', 1),
       ('71281762-d55e-47a3-a4e6-61852d848895', 'Thời trang văn phòng', '2023-02-22 20:48:58', 1),
       ('a09c9a88-423c-4843-a191-575e34f1319c', 'Thời trang thu đông', '2023-02-22 20:48:03', 1),
       ('b02a8e03-1f07-4338-84e5-080f70f473bd', 'Phụ kiện điện tử', '2023-02-22 20:45:48', 1),
       ('cc7c1537-d5c3-4d57-af68-0119d660d384', 'Thiết bị điện tử', '2023-02-22 20:45:29', 1),
       ('f5ad8b78-819d-4ffc-9894-f5e9b4565926', 'Điện thoại', '2023-02-21 22:22:24', 1);

-- 
-- Dumping data for table address
--
INSERT INTO address
VALUES ('7a4a0bdf-7c28-40e3-bda1-7bdfa5d177dd', '0c4320b0-a53a-4794-8fdd-4d035c164d35', 'Tỉnh Nam Định', 36,
        'Huyện Ý Yên', 360, 'Xã Yên Dương', 13834, 'Thôn Vũ Xuyên', 1, 'Trần Văn Thịnh', '0975489782',
        '0001-01-01 00:00:00'),
       ('867d9045-5d52-4245-808a-f980822e0610', 'b4fe01f5-59a7-11ed-90ec-0242ac130002', 'Tỉnh Bắc Giang', 24,
        'Huyện Hiệp Hòa', 223, 'Xã Xuân Cẩm', 7873, 'Thôn Cẩm Xuyên', 0, 'Đinh Văn Thành', '0972312426',
        '2023-03-04 15:43:25'),
       ('d760b298-89c1-495c-b4c8-c0119a1df0bd', 'c7fb50a1-41fc-480e-add0-b585864bb10a', 'Tỉnh Bắc Giang', 24,
        'Huyện Hiệp Hòa', 223, 'Xã Mai Đình', 7885, 'thôn San', 0, 'Nguyễn Ngọc Trung', '0348154574',
        '2023-02-22 20:21:00'),
       ('e8a1e548-05bd-4a38-9565-c9fb918afe03', 'c7fb50a1-41fc-480e-add0-b585864bb10a', 'Tỉnh Bắc Giang', 24,
        'Huyện Hiệp Hòa', 223, 'Xã Mai Đình', 7885, 'Thôn Nguyễn', 1, 'Đinh Thị Hồng Hạnh', '0348154564',
        '0001-01-01 00:00:00'),
       ('ff534405-62a7-4983-9017-82af07ebd8b4', 'b4fe01f5-59a7-11ed-90ec-0242ac130002', 'Tỉnh Bắc Giang', 24,
        'Huyện Hiệp Hòa', 223, 'Xã Mai Đình', 7885, 'Cổng trường cấp 1', 1, 'Quang Đạt', '0868389674',
        '2023-02-21 21:52:11');

-- 
-- Restore previous SQL mode
-- 
/*!40101 SET SQL_MODE = @OLD_SQL_MODE */;

-- 
-- Enable foreign keys
-- 
/*!40014 SET FOREIGN_KEY_CHECKS = @OLD_FOREIGN_KEY_CHECKS */;